r2AssetId,r2PublicUrl,originalFilename,videoId,languageId,edition,version,missingMuxVideoId,muxStatus,muxErrorMessage
12c2206d-bb18-4715-bc35-7aaa0ffb2b69,https://api-media-core.jesusfilm.org/1_wl60-0-0/variants/13408/videos/92f254fe-b026-41be-9e5b-ba8885bb5bad/13408_1_wl60-0-0.mp4,1_wl60-0-0---WL60---13408---31852---0---0.mp4,1_wl60-0-0,13408,wl60,31852,true,,
44101f6b-312c-4543-b05e-8573fa8681ab,https://api-media-core.jesusfilm.org/1_wl60-0-0/variants/5613/videos/412fbea1-c178-453c-888b-001512a9d7cd/5613_1_wl60-0-0.mp4,1_wl60-0-0---WL60---5613---32899---0---0.mp4,1_wl60-0-0,5613,wl60,32899,true,,
05c6725b-baf4-47a2-9983-bb3773053bd0,https://api-media-core.jesusfilm.org/1_wl60-0-0/variants/12399/videos/0157924c-810f-4c1a-9612-9999c05c89eb/12399_1_wl60-0-0.mp4,1_wl60-0-0---WL60---12399---34359---0---0.mp4,1_wl60-0-0,12399,wl60,34359,true,,
accf1ce9-670e-454e-84bc-9132d08a1f5b,https://api-media-core.jesusfilm.org/Perfect/variants/101511/videos/33849bf3-fc82-4a6c-b948-fb52d803e082/101511_Perfect.mp4,Perfect---base---101511---1.mp4.mp4,Perfect,101511,base,1,true,,
5f8d917d-241d-4944-96b6-cc976a7ef0f9,https://api-media-core.jesusfilm.org/Perfect/variants/101511/videos/2172005a-6532-48e6-97bb-73d4ac599be3/101511_Perfect.mp4,Perfect---base---101511---1.mp4.mp4,Perfect,101511,base,1,true,,
5cc4b0ce-3e16-49d0-8667-40d9ce822efc,https://api-media-core.jesusfilm.org/Perfect/variants/101511/videos/2df9e47a-3437-4f7b-8e37-86d7058ec50d/101511_Perfect.mp4,Perfect---base---101511---1.mp4.mp4,Perfect,101511,base,1,true,,
aac7951c-0335-41a9-b561-ce434ac7665f,https://api-media-core.jesusfilm.org/1_wl60-0-0/variants/184820/videos/9d02cccc-8f34-4842-b7ce-de7008f24bd2/184820_1_wl60-0-0.mp4,1_wl60-0-0---WL60---184820---34098---0---0.mp4,1_wl60-0-0,184820,wl60,34098,true,,
8c632be7-ef88-42e0-bb07-448d8c7720eb,https://api-media-core.jesusfilm.org/1_wl60-0-0/variants/20675/videos/9868f1c2-fe1e-4cf0-b564-1293c6ab08d8/20675_1_wl60-0-0.mp4,1_wl60-0-0---WL60---20675---33939---0---0.mp4,1_wl60-0-0,20675,wl60,33939,true,,
0a5f91a1-6ac2-4e72-a1be-d4660bf07b8a,https://api-media-core.jesusfilm.org/1_wl60-0-0/variants/114921/videos/59021281-19cd-4e4c-ba29-74f7569b0b0d/114921_1_wl60-0-0.mp4,1_wl60-0-0---WL60---114921---35413---0---0.mp4,1_wl60-0-0,114921,wl60,35413,true,,
1e9a76c2-5c4a-4418-b8f4-ccb5ad600722,https://api-media-core.jesusfilm.org/1_wl60-0-0/variants/99152/videos/5ad554fc-1455-4956-895e-d62a284bf8d9/99152_1_wl60-0-0.mp4,1_wl60-0-0---WL60---99152---35412---0---0.mp4,1_wl60-0-0,99152,wl60,35412,true,,
309b35a8-6626-4d97-aef6-078d53ec3cb1,https://api-media-core.jesusfilm.org/1_wl60-0-0/variants/185210/videos/542d237d-99e2-4837-8ce4-3fe8b0757f5d/185210_1_wl60-0-0.mp4,1_wl60-0-0---WL60---185210---40133---0---0.mp4,1_wl60-0-0,185210,wl60,40133,true,,
1cfa3ca1-ef09-4300-aa82-15cd879d3f4d,https://api-media-core.jesusfilm.org/1_wl60-0-0/variants/10535/videos/b83924f4-38d9-4d2a-91e4-6741169f61e7/10535_1_wl60-0-0.mp4,1_wl60-0-0---WL60---10535---35408---0---0.mp4,1_wl60-0-0,10535,wl60,35408,true,,
df860937-2429-4f74-946b-bb392704ceb7,https://api-media-core.jesusfilm.org/1_wl60-0-0/variants/184500/videos/51f96983-0a65-43bd-bb91-33940559daee/184500_1_wl60-0-0.mp4,1_wl60-0-0---WL60---184500---35525---0---0.mp4,1_wl60-0-0,184500,wl60,35525,true,,
668f4158-2f5d-4fb6-a55e-e411c7fcf1dc,https://api-media-core.jesusfilm.org/1_wl60-0-0/variants/24410/videos/f90a6f1b-a04e-4082-bf27-c567a17a1419/24410_1_wl60-0-0.mp4,1_wl60-0-0---WL60---24410---35524---0---0.mp4,1_wl60-0-0,24410,wl60,35524,true,,
5e1a9600-646d-45ae-80cd-ca80e37e5e99,https://api-media-core.jesusfilm.org/1_wl60-0-0/variants/140033/videos/6daf6314-f99f-4eab-aa0b-f82747a6b393/140033_1_wl60-0-0.mp4,1_wl60-0-0---WL60---140033---35516---0---0.mp4,1_wl60-0-0,140033,wl60,35516,true,,
5c1a736e-35cf-49d3-ade7-864e7d591acf,https://api-media-core.jesusfilm.org/1_wl60-0-0/variants/141265/videos/0e9b0d38-4685-475d-8f5c-9cbd42d034bb/141265_1_wl60-0-0.mp4,1_wl60-0-0---WL60---141265---35472---0---0.mp4,1_wl60-0-0,141265,wl60,35472,true,,
9a5d87de-ebd3-4b0f-8bb1-2714f53c172b,https://api-media-core.jesusfilm.org/1_wl60-0-0/variants/21578/videos/4447ffcc-e255-49e9-9a93-c2fc183cdbd7/21578_1_wl60-0-0.mp4,1_wl60-0-0---WL60---21578---35164---0---0.mp4,1_wl60-0-0,21578,wl60,35164,true,,
6fb973f9-00f6-4fad-b165-5b364b85423d,https://api-media-core.jesusfilm.org/1_wl60-0-0/variants/141334/videos/1221faf6-e6f5-4d9b-940c-121b01a28b41/141334_1_wl60-0-0.mp4,1_wl60-0-0---WL60---141334---34726---0---0.mp4,1_wl60-0-0,141334,wl60,34726,true,,
e42bb9c0-7a5e-4414-8cf6-7600313b0804,https://api-media-core.jesusfilm.org/1_wl60-0-0/variants/5392/videos/cde0e2d5-f29a-4e0f-a394-1e083c65946b/5392_1_wl60-0-0.mp4,1_wl60-0-0---WL60---5392---34693---0---0.mp4,1_wl60-0-0,5392,wl60,34693,true,,
be00cb20-c35c-45bf-af7b-a47afb5fe734,https://api-media-core.jesusfilm.org/1_wl60-0-0/variants/5171/videos/042d9047-8d9c-4d31-a549-c8eae908b682/5171_1_wl60-0-0.mp4,1_wl60-0-0---WL60---5171---34688---0---0.mp4,1_wl60-0-0,5171,wl60,34688,true,,
fe67953b-25d8-40f1-9895-033cc2887ab2,https://api-media-core.jesusfilm.org/1_wl60-0-0/variants/27145/videos/856190a4-ee6f-45ad-9cb7-31c7cc782476/27145_1_wl60-0-0.mp4,1_wl60-0-0---WL60---27145---35107---0---0.mp4,1_wl60-0-0,27145,wl60,35107,true,,
0400207d-d60f-4b81-a5f4-5805da9e7e0a,https://api-media-core.jesusfilm.org/1_wl60-0-0/variants/2029/videos/185195cf-0828-4938-95da-419044d25efb/2029_1_wl60-0-0.mp4,1_wl60-0-0---WL60---2029---34687---0---0.mp4,1_wl60-0-0,2029,wl60,34687,true,,
eeb3e15b-4f1b-4db3-84f8-ad349054b8f3,https://api-media-core.jesusfilm.org/1_wl60-0-0/variants/8164/videos/1e5eeb3d-8ff1-4fbf-9d40-47b3a9ca3caa/8164_1_wl60-0-0.mp4,1_wl60-0-0---WL60---8164---34684---0---0.mp4,1_wl60-0-0,8164,wl60,34684,true,,
c63bd23d-bef3-4a7f-b759-103e7d0b57cb,https://api-media-core.jesusfilm.org/1_wl60-0-0/variants/185199/videos/f20e63a1-cc5f-47d5-8f25-0abda6e86df7/185199_1_wl60-0-0.mp4,1_wl60-0-0---WL60---185199---34680---0---0.mp4,1_wl60-0-0,185199,wl60,34680,true,,
aea4ab13-093d-40f0-8d6e-6bc41d858b43,https://api-media-core.jesusfilm.org/1_wl60-0-0/variants/7586/videos/e493fd16-d6cf-4ba6-962e-21d9a7aba39e/7586_1_wl60-0-0.mp4,1_wl60-0-0---WL60---7586---35100---0---0.mp4,1_wl60-0-0,7586,wl60,35100,true,,
f94a4fc0-7241-4a33-9b3d-340386ae70bd,https://api-media-core.jesusfilm.org/1_wl60-0-0/variants/4532/videos/5164be29-7211-4a87-a9d7-c7f4f5533c3a/4532_1_wl60-0-0.mp4,1_wl60-0-0---WL60---4532---35199---0---0.mp4,1_wl60-0-0,4532,wl60,35199,true,,
8229ef51-93f3-4988-b0a7-b889005dce01,https://api-media-core.jesusfilm.org/1_wl60-0-0/variants/21118/videos/f8dd0227-237b-4702-b8d8-2d3a9efc4072/21118_1_wl60-0-0.mp4,1_wl60-0-0---WL60---21118---35197---0---0.mp4,1_wl60-0-0,21118,wl60,35197,true,,
b403cf1d-b3aa-4ad1-825c-4fa77510b1a6,https://api-media-core.jesusfilm.org/1_wl60-0-0/variants/10529/videos/21a13494-c5f9-442e-bde2-d61d1232c978/10529_1_wl60-0-0.mp4,1_wl60-0-0---WL60---10529---35165---0---0.mp4,1_wl60-0-0,10529,wl60,35165,true,,
efb64b27-6c12-4aa7-af36-1ac0923e251c,https://api-media-core.jesusfilm.org/1_cl-0-0/variants/176838/videos/a452a46d-d1be-449e-884e-14abd6c9e09b/176838_1_cl-0-0.mp4,1_cl-0-0---AC---176838---34644---0---0.mp4,1_cl-0-0,176838,ac,34644,true,,
021eeea4-bdcb-4fb2-8339-b91ffc50698f,https://api-media-core.jesusfilm.org/1_wl60-0-0/variants/176838/videos/6ab7288e-d72c-4fd5-90db-86b7c15d8f2e/176838_1_wl60-0-0.mp4,1_wl60-0-0---WL60---176838---34643---0---0.mp4,1_wl60-0-0,176838,wl60,34643,true,,
0bf90ae5-e776-488e-9c9d-6747041b9599,https://api-media-core.jesusfilm.org/1_wl60-0-0/variants/19191/videos/1126e281-6468-40ea-a4d0-a52dc5147a7d/19191_1_wl60-0-0.mp4,1_wl60-0-0---WL60---19191---34973---0---0.mp4,1_wl60-0-0,19191,wl60,34973,true,,
d3bd9e78-440b-4d0c-9492-6644eafd489f,https://api-media-core.jesusfilm.org/1_wl60-0-0/variants/19241/videos/67be18b3-2062-4ff2-bfb3-9cb3a319ee99/19241_1_wl60-0-0.mp4,1_wl60-0-0---WL60---19241---34972---0---0.mp4,1_wl60-0-0,19241,wl60,34972,true,,
3bbedc81-b0ec-49d3-883d-82f35f533eac,https://api-media-core.jesusfilm.org/1_wl60-0-0/variants/10528/videos/59ced57d-5481-42cd-a9a4-17df9c070443/10528_1_wl60-0-0.mp4,1_wl60-0-0---WL60---10528---34927---0---0.mp4,1_wl60-0-0,10528,wl60,34927,true,,
1b8112b6-709a-4049-8f4c-36d52eeafe31,https://api-media-core.jesusfilm.org/1_wl60-0-0/variants/24038/videos/feee8308-092e-4fe0-b70d-cc9adfe3453c/24038_1_wl60-0-0.mp4,1_wl60-0-0---WL60---24038---34869---0---0.mp4,1_wl60-0-0,24038,wl60,34869,true,,
b5d7fa83-4b27-47c7-bc6d-21345e48ce54,https://api-media-core.jesusfilm.org/1_wl60-0-0/variants/26419/videos/1f38ed16-372f-4591-bc95-07842cf65de3/26419_1_wl60-0-0.mp4,1_wl60-0-0---WL60---26419---34844---0---0.mp4,1_wl60-0-0,26419,wl60,34844,true,,
5f89c039-4bc8-4602-af44-bcccee03deed,https://api-media-core.jesusfilm.org/1_wl60-0-0/variants/8170/videos/bd661228-e0b7-4326-a134-02038e585e72/8170_1_wl60-0-0.mp4,1_wl60-0-0---WL60---8170---34843---0---0.mp4,1_wl60-0-0,8170,wl60,34843,true,,
07e3b4f3-4e40-4827-97d2-5e7e35794f1f,https://api-media-core.jesusfilm.org/1_wl60-0-0/variants/8188/videos/60680ae3-c69b-4421-89e5-70774bdb8029/8188_1_wl60-0-0.mp4,1_wl60-0-0---WL60---8188---34842---0---0.mp4,1_wl60-0-0,8188,wl60,34842,true,,
fee096ce-525c-4a5a-a00b-6b118e3e8179,https://api-media-core.jesusfilm.org/1_wl60-0-0/variants/111677/videos/bcd84bc1-55a2-4900-8b7e-ab95e6257ff9/111677_1_wl60-0-0.mp4,1_wl60-0-0---WL60---111677---34770---0---0.mp4,1_wl60-0-0,111677,wl60,34770,true,,
1e46f07d-5706-4354-9c34-2f9a835713e0,https://api-media-core.jesusfilm.org/1_wl60-0-0/variants/140169/videos/329c0dbf-67a5-4c2b-8d3f-30f8d66c1020/140169_1_wl60-0-0.mp4,1_wl60-0-0---WL60---140169---34608---0---0.mp4,1_wl60-0-0,140169,wl60,34608,true,,
4762b803-885e-4e91-a1d4-f46d6602e1c3,https://api-media-core.jesusfilm.org/1_wl60-0-0/variants/5398/videos/480fd4df-fb3a-478d-855b-be51a1891f8a/5398_1_wl60-0-0.mp4,1_wl60-0-0---WL60---5398---34591---0---0.mp4,1_wl60-0-0,5398,wl60,34591,true,,
98e99f0d-8212-498a-92c2-76e3c121963d,https://api-media-core.jesusfilm.org/1_wl60-0-0/variants/98137/videos/1c31bbc0-04c6-4410-ad76-59d1ecb0f43a/98137_1_wl60-0-0.mp4,1_wl60-0-0---WL60---98137---34287---0---0.mp4,1_wl60-0-0,98137,wl60,34287,true,,
659313ad-4237-4182-9dd1-36160ea975d8,https://api-media-core.jesusfilm.org/1_wl60-0-0/variants/99460/videos/00a2f35f-ed01-4774-80ba-2d2e3b2f1a84/99460_1_wl60-0-0.mp4,1_wl60-0-0---WL60---99460---34450---0---0.mp4,1_wl60-0-0,99460,wl60,34450,true,,
b16bca7d-7321-46c2-b763-d797c82245e1,https://api-media-core.jesusfilm.org/1_wl60-0-0/variants/1280/videos/ac236f98-e9ca-42ee-937a-b250f7f3ee1f/1280_1_wl60-0-0.mp4,1_wl60-0-0---WL60---1280---34217---0---0.mp4,1_wl60-0-0,1280,wl60,34217,true,,
4497c3a5-867b-472b-8251-e9c20982b9d0,https://api-media-core.jesusfilm.org/1_wl60-0-0/variants/184811/videos/e6c8d3c6-9f2a-4230-9b17-0fe7a78e36dc/184811_1_wl60-0-0.mp4,1_wl60-0-0---WL60---184811---34193---0---0.mp4,1_wl60-0-0,184811,wl60,34193,true,,
9093fb60-25d1-40d3-b131-5027d0e65b96,https://api-media-core.jesusfilm.org/1_wl60-0-0/variants/10536/videos/f5ec501f-2a29-4ae4-8558-f77c12bd6302/10536_1_wl60-0-0.mp4,1_wl60-0-0---WL60---10536---34192---0---0.mp4,1_wl60-0-0,10536,wl60,34192,true,,
a0e05959-e9ef-40ce-8f11-f14daf57424c,https://api-media-core.jesusfilm.org/1_wl60-0-0/variants/184810/videos/43de6c7f-a1fb-4737-9eec-dce086516a37/184810_1_wl60-0-0.mp4,1_wl60-0-0---WL60---184810---34191---0---0.mp4,1_wl60-0-0,184810,wl60,34191,true,,
45dee248-f94c-4b39-8c04-49aa2d4520ef,https://api-media-core.jesusfilm.org/1_wl60-0-0/variants/53430/videos/536c876c-0f83-44e2-b69a-ce7e485739df/53430_1_wl60-0-0.mp4,1_wl60-0-0---WL60---53430---34335---0---0.mp4,1_wl60-0-0,53430,wl60,34335,true,,
d0d6a28d-5057-4c0f-9b93-29c32ade54e6,https://api-media-core.jesusfilm.org/1_wl60-0-0/variants/177210/videos/63c00148-6f0f-4616-9045-e5a9b98c6506/177210_1_wl60-0-0.mp4,1_wl60-0-0---WL60---177210---34143---0---0.mp4,1_wl60-0-0,177210,wl60,34143,true,,
9c7cf71a-afc1-4014-b4c1-a801dc65dad8,https://api-media-core.jesusfilm.org/1_wl60-0-0/variants/184662/videos/095f51c3-6c18-49ce-9951-25c2e9234c97/184662_1_wl60-0-0.mp4,1_wl60-0-0---WL60---184662---34107---0---0.mp4,1_wl60-0-0,184662,wl60,34107,true,,
b4accc58-8af3-405b-838f-00816a12eac5,https://api-media-core.jesusfilm.org/1_cl-0-0/variants/7773/videos/69255909-cee7-42ac-a2d6-c3d03ebff5ff/7773_1_cl-0-0.mp4,1_cl-0-0---AC---7773---33603---0---0.mp4,1_cl-0-0,7773,ac,33603,true,,
b8d5dd10-2a8f-4eba-9e0a-75c849425bfe,https://api-media-core.jesusfilm.org/1_wl60-0-0/variants/12572/videos/a61772db-2f95-4ae2-a0e0-f0922631b8ab/12572_1_wl60-0-0.mp4,1_wl60-0-0---WL60---12572---33309---0---0.mp4,1_wl60-0-0,12572,wl60,33309,true,,
0ea2c806-416d-45fd-8c0e-122e1af21060,https://api-media-core.jesusfilm.org/1_wl60-0-0/variants/21674/videos/c792cd37-a5a6-4113-9841-60b35ef136f9/21674_1_wl60-0-0.mp4,1_wl60-0-0---WL60---21674---34078---0---0.mp4,1_wl60-0-0,21674,wl60,34078,true,,
45db76c6-48fa-403c-bd78-408f6212d59c,https://api-media-core.jesusfilm.org/1_wl60-0-0/variants/24343/videos/cee72cc6-b59d-4004-9da0-e955f075958d/24343_1_wl60-0-0.mp4,1_wl60-0-0---WL60---24343---34054---0---0.mp4,1_wl60-0-0,24343,wl60,34054,true,,
04983aef-81a7-450e-be12-9d4e29891f3b,https://api-media-core.jesusfilm.org/1_wl60-0-0/variants/176089/videos/e3250a13-9279-4a14-9173-4c96f5fb6f40/176089_1_wl60-0-0.mp4,1_wl60-0-0---WL60---176089---33567---0---0.mp4,1_wl60-0-0,176089,wl60,33567,true,,
d264f6ba-8079-4597-b028-5b03b9f9e512,https://api-media-core.jesusfilm.org/1_wl60-0-0/variants/5920/videos/a9920f7c-93e4-4429-82cc-ea81bf17ead1/5920_1_wl60-0-0.mp4,1_wl60-0-0---WL60---5920---33553---0---0.mp4,1_wl60-0-0,5920,wl60,33553,true,,
37b07b1c-10bf-4f2b-bf41-1a216b5aecf1,https://api-media-core.jesusfilm.org/1_wl60-0-0/variants/25919/videos/62bdce92-4c57-4cd2-9e5a-4fe8267bb341/25919_1_wl60-0-0.mp4,1_wl60-0-0---WL60---25919---33552---0---0.mp4,1_wl60-0-0,25919,wl60,33552,true,,
f25deebd-1fba-4d55-b7d5-e5289124cec2,https://api-media-core.jesusfilm.org/1_wl60-0-0/variants/5019/videos/e1560669-3aaa-453b-86d2-8d506d448553/5019_1_wl60-0-0.mp4,1_wl60-0-0---WL60---5019---33384---0---0.mp4,1_wl60-0-0,5019,wl60,33384,true,,
8f501a16-cd3d-4352-af43-fb2ea32a7db3,https://api-media-core.jesusfilm.org/1_wl60-0-0/variants/7547/videos/2ad17292-31bc-4d4d-bd26-d295eb430603/7547_1_wl60-0-0.mp4,1_wl60-0-0---WL60---7547---33364---0---0.mp4,1_wl60-0-0,7547,wl60,33364,true,,
4106c2e3-a171-4fae-b2bf-cf0c83983690,https://api-media-core.jesusfilm.org/1_wl60-0-0/variants/7238/videos/7765b289-42a7-4f99-83fb-2a7c0c3582e8/7238_1_wl60-0-0.mp4,1_wl60-0-0---WL60---7238---33487---0---0.mp4,1_wl60-0-0,7238,wl60,33487,true,,
d04b7374-b8f3-4532-8b05-5061c769f732,https://api-media-core.jesusfilm.org/1_wl60-0-0/variants/21231/videos/c2662b2e-c67c-41ff-b362-6d0ff9a85774/21231_1_wl60-0-0.mp4,1_wl60-0-0---WL60---21231---33965---0---0.mp4,1_wl60-0-0,21231,wl60,33965,true,,
9bae316b-9554-48a1-9c4c-b33516a3cee1,https://api-media-core.jesusfilm.org/1_wl60-0-0/variants/5699/videos/86cc28c7-efbe-4ed7-aca9-e99ae5c60dbe/5699_1_wl60-0-0.mp4,1_wl60-0-0---WL60---5699---32894---0---0.mp4,1_wl60-0-0,5699,wl60,32894,true,,
ee80a0eb-fd8d-49f2-814c-85c81b165cd7,https://api-media-core.jesusfilm.org/1_wl60-0-0/variants/18606/videos/854b54fe-980d-4ac1-a0d9-c2ccf1a0784e/18606_1_wl60-0-0.mp4,1_wl60-0-0---WL60_RPC---18606---32752---0---0.mp4,1_wl60-0-0,18606,wl60_rpc,32752,true,,
4a4d8e4b-7cd5-4bc4-be50-5fd4353bbbed,https://api-media-core.jesusfilm.org/1_wl60-0-0/variants/184455/videos/62e78cd7-506e-4205-9209-6a3b59a2b7ed/184455_1_wl60-0-0.mp4,1_wl60-0-0---WL60_RPC---184455---32737---0---0.mp4,1_wl60-0-0,184455,wl60_rpc,32737,true,,
3f19733b-40c8-4981-8564-cc21ff885fb9,https://api-media-core.jesusfilm.org/1_wl60-0-0/variants/7698/videos/69f05062-eeab-491f-a2c7-9fde19345296/7698_1_wl60-0-0.mp4,1_wl60-0-0---WL60---7698---33450---0---0.mp4,1_wl60-0-0,7698,wl60,33450,true,,
a2ec09aa-fdc8-45ab-88c6-040a8ec9aef7,https://api-media-core.jesusfilm.org/1_wl60-0-0/variants/14226/videos/59373a63-2d5b-4321-83da-0013d8cd5f99/14226_1_wl60-0-0.mp4,1_wl60-0-0---WL60---14226---33718---0---0.mp4,1_wl60-0-0,14226,wl60,33718,true,,
173a06a1-33d1-4abb-87b9-e3aa1ae52b15,https://api-media-core.jesusfilm.org/1_wl60-0-0/variants/98730/videos/492650c7-8eb8-40b7-8ad0-14291646cc69/98730_1_wl60-0-0.mp4,1_wl60-0-0---WL60---98730---33674---0---0.mp4,1_wl60-0-0,98730,wl60,33674,true,,
a7c3bc36-66e6-4657-a626-1a0c3e32e47e,https://api-media-core.jesusfilm.org/1_wl60-0-0/variants/184854/videos/a57b1f9c-6f02-443c-9724-50e4f8091669/184854_1_wl60-0-0.mp4,1_wl60-0-0---WL60---184854---33613---0---0.mp4,1_wl60-0-0,184854,wl60,33613,true,,
0781af69-8ad1-42a3-8b78-799323cffe6e,https://api-media-core.jesusfilm.org/1_wl60-0-0/variants/13805/videos/00e3cf82-1f19-473f-9cbd-d487655fbf15/13805_1_wl60-0-0.mp4,1_wl60-0-0---WL60---13805---33608---0---0.mp4,1_wl60-0-0,13805,wl60,33608,true,,
1b706899-e67e-40ae-9ee5-51eedfcf8216,https://api-media-core.jesusfilm.org/1_wl60-0-0/variants/3892/videos/164618b9-22e2-4fbe-afae-4f17050634b3/3892_1_wl60-0-0.mp4,1_wl60-0-0---WL60_RPC---3892---33020---0---0.mp4,1_wl60-0-0,3892,wl60_rpc,33020,true,,
1563a12f-88ad-452e-a36a-3907bf356d7a,https://api-media-core.jesusfilm.org/1_wl60-0-0/variants/16064/videos/b6679485-da10-43fc-8da0-73c9fd53d011/16064_1_wl60-0-0.mp4,1_wl60-0-0---WL60---16064---32729---0---0.mp4,1_wl60-0-0,16064,wl60,32729,true,,
bbcc10ed-1d21-46c7-b94b-800c06016b09,https://api-media-core.jesusfilm.org/1_wl60-0-0/variants/3892/videos/a10d3393-3743-4848-a1c7-acabd336aa0d/3892_1_wl60-0-0.mp4,1_wl60-0-0---WL60_RPC---3892---33020---0---0.mp4,1_wl60-0-0,3892,wl60_rpc,33020,true,,
020ae6c4-24bb-4cea-8592-4098655e193b,https://api-media-core.jesusfilm.org/1_wl60-0-0/variants/184701/videos/03a6e1f5-9aa0-4b78-a449-1fcfcf318834/184701_1_wl60-0-0.mp4,1_wl60-0-0---WL60---184701---33053---0---0.mp4,1_wl60-0-0,184701,wl60,33053,true,,
55b69d23-eae4-4f87-9c33-c1a66a30616f,https://api-media-core.jesusfilm.org/1_wl60-0-0/variants/153550/videos/e543cc1b-4f99-4efd-846c-1993b3ca8dc7/153550_1_wl60-0-0.mp4,1_wl60-0-0---WL60---153550---32816---0---0.mp4,1_wl60-0-0,153550,wl60,32816,true,,
b694bd68-dfc8-4a61-acff-5c31bcbc710f,https://api-media-core.jesusfilm.org/1_wl60-0-0/variants/5603/videos/7bf73cdb-362d-43c7-9d6b-828f4740d308/5603_1_wl60-0-0.mp4,1_wl60-0-0---WL60---5603---32892---0---0.mp4,1_wl60-0-0,5603,wl60,32892,true,,
a76a7947-74d2-4740-9d40-aceee1ca5304,https://api-media-core.jesusfilm.org/1_wl60-0-0/variants/7773/videos/fd760445-73b2-49a4-813d-194131953b2d/7773_1_wl60-0-0.mp4,1_wl60-0-0---WL60---7773---32819---0---0.mp4,1_wl60-0-0,7773,wl60,32819,true,,
d6aeed3e-d640-4c27-a78d-ae0122da0310,https://api-media-core.jesusfilm.org/1_wl60-0-0/variants/14278/videos/a4c207d2-f52b-4a26-81ae-efd94355ef7a/14278_1_wl60-0-0.mp4,1_wl60-0-0---WL60---14278---32900---0---0.mp4,1_wl60-0-0,14278,wl60,32900,true,,
28a8a5a4-2a4e-452f-94fc-ed396efaca65,https://api-media-core.jesusfilm.org/1_wl60-0-0/variants/53418/videos/1e4f9cb8-bdbc-44b6-9b7e-b855d973cf29/53418_1_wl60-0-0.mp4,1_wl60-0-0---WL60---53418---32905---0---0.mp4,1_wl60-0-0,53418,wl60,32905,true,,
db6f64f9-db19-4bad-b753-bc1565031944,https://api-media-core.jesusfilm.org/1_wl60-0-0/variants/18321/videos/46050b4c-4fa7-4962-969d-fa16c5ff6676/18321_1_wl60-0-0.mp4,1_wl60-0-0---WL60---18321---33074---0---0.mp4,1_wl60-0-0,18321,wl60,33074,true,,
02a616d8-8cb4-4a22-8945-8228f1f0a354,https://api-media-core.jesusfilm.org/1_wl60-0-0/variants/6463/videos/578b0e2a-07ab-456c-b7a4-a9be76a6881c/6463_1_wl60-0-0.mp4,1_wl60-0-0---WL60---6463---32893---0---0.mp4,1_wl60-0-0,6463,wl60,32893,true,,
3db72b15-b49b-4d32-9c7b-9a5ca6f15a9f,https://api-media-core.jesusfilm.org/1_wl60-0-0/variants/139137/videos/5f571cb1-6ff0-4962-b6da-d4678a52743e/139137_1_wl60-0-0.mp4,1_wl60-0-0---WL60---139137---32707---0---0.mp4,1_wl60-0-0,139137,wl60,32707,true,,
fb706687-e3f2-4e67-9698-1e9a4dc28fd3,https://api-media-core.jesusfilm.org/1_wl60-0-0/variants/53418/videos/9c28d878-6f43-42fc-9651-80125dcf33e3/53418_1_wl60-0-0.mp4,1_wl60-0-0---WL60---53418---32905---0---0.mp4,1_wl60-0-0,53418,wl60,32905,true,,
060f4a24-0317-402a-9868-a303a2dc2447,https://api-media-core.jesusfilm.org/1_wl60-0-0/variants/14278/videos/b678115f-d5d1-4ec7-b4fb-deb212373fed/14278_1_wl60-0-0.mp4,1_wl60-0-0---WL60---14278---32900---0---0.mp4,1_wl60-0-0,14278,wl60,32900,true,,
17659870-ed57-4859-9de9-380e7c2c15b2,https://api-media-core.jesusfilm.org/1_wl60-0-0/variants/18321/videos/110296a9-0395-4f44-942b-1af38c9bd0cf/18321_1_wl60-0-0.mp4,1_wl60-0-0---WL60---18321---33074---0---0.mp4,1_wl60-0-0,18321,wl60,33074,true,,
739a9d03-cd95-4314-804e-9160e9d7a1c1,https://api-media-core.jesusfilm.org/1_wl60-0-0/variants/184701/videos/6685ff4e-af98-47b7-867c-e3d8689ae3c9/184701_1_wl60-0-0.mp4,1_wl60-0-0---WL60---184701---33053---0---0.mp4,1_wl60-0-0,184701,wl60,33053,true,,
7551a9b9-b06b-4309-8e90-824a423a7c1d,https://api-media-core.jesusfilm.org/1_wl60-0-0/variants/5699/videos/6a014ae1-d53c-4889-ad62-2f43c72a8bc9/5699_1_wl60-0-0.mp4,1_wl60-0-0---WL60---5699---32894---0---0.mp4,1_wl60-0-0,5699,wl60,32894,true,,
d7442c35-887e-4b44-bdf3-2b783b39462b,https://api-media-core.jesusfilm.org/1_wl60-0-0/variants/6463/videos/1ad1d31c-ee75-4c4b-a464-887d8e402ba0/6463_1_wl60-0-0.mp4,1_wl60-0-0---WL60---6463---32893---0---0.mp4,1_wl60-0-0,6463,wl60,32893,true,,
99fc7a64-7e37-4a54-937c-4075fa01dd9f,https://api-media-core.jesusfilm.org/1_wl60-0-0/variants/5603/videos/5a38af80-ff69-4893-83e8-77a9c4e6ab52/5603_1_wl60-0-0.mp4,1_wl60-0-0---WL60---5603---32892---0---0.mp4,1_wl60-0-0,5603,wl60,32892,true,,
2d1f1db8-da75-4954-a73c-2575d7a993a7,https://api-media-core.jesusfilm.org/1_wl60-0-0/variants/184455/videos/4d24dd77-27d2-4b93-b231-64c6c8fd821a/184455_1_wl60-0-0.mp4,1_wl60-0-0---WL60_RPC---184455---32737---0---0.mp4,1_wl60-0-0,184455,wl60_rpc,32737,true,,
28fa1889-c8c9-4793-a3db-57eca494d684,https://api-media-core.jesusfilm.org/1_wl60-0-0/variants/16064/videos/fe57c368-0329-4e11-ab8b-19a823e6bcc7/16064_1_wl60-0-0.mp4,1_wl60-0-0---WL60---16064---32729---0---0.mp4,1_wl60-0-0,16064,wl60,32729,true,,
b8adbf56-4d6e-4e21-be67-4a1807362475,https://api-media-core.jesusfilm.org/1_wl60-0-0/variants/7773/videos/a0f55fc1-621c-4fc8-af1d-08570b0b584b/7773_1_wl60-0-0.mp4,1_wl60-0-0---WL60---7773---32819---0---0.mp4,1_wl60-0-0,7773,wl60,32819,true,,
29bf2d0d-df64-473f-8d3f-4ddc5489e9c0,https://api-media-core.jesusfilm.org/1_wl60-0-0/variants/153550/videos/3c538286-665d-4067-91f0-095e892a32aa/153550_1_wl60-0-0.mp4,1_wl60-0-0---WL60---153550---32816---0---0.mp4,1_wl60-0-0,153550,wl60,32816,true,,
0622604a-eda3-4ed4-8bab-ca26d1a37787,https://api-media-core.jesusfilm.org/1_wl60-0-0/variants/139137/videos/923b2672-9463-4625-b7e8-81979bce22d3/139137_1_wl60-0-0.mp4,1_wl60-0-0---WL60---139137---32707---0---0.mp4,1_wl60-0-0,139137,wl60,32707,true,,
7dc7e9f5-a2f0-40f8-baf1-eca6ddc5d5cf,https://api-media-core.jesusfilm.org/1_wl60-0-0/variants/18606/videos/093c5367-5ff9-49ec-ba35-ca84bcd58920/18606_1_wl60-0-0.mp4,1_wl60-0-0---WL60_RPC---18606---32752---0---0.mp4,1_wl60-0-0,18606,wl60_rpc,32752,true,,
0f6d1c1c-2648-4167-a54a-42c8832ec7e7,https://api-media-core.jesusfilm.org/1_wl60-0-0/variants/6793/videos/f5d9d676-63ff-4730-946a-0571caeea050/6793_1_wl60-0-0.mp4,1_wl60-0-0---WL60---6793---32554---0---0.mp4,1_wl60-0-0,6793,wl60,32554,true,,
d3214ee0-a295-49e4-b49d-65ea79bbb4f9,https://api-media-core.jesusfilm.org/1_wl60-0-0/variants/20896/videos/18c71b10-a75f-4913-84a5-71d76c6ea748/20896_1_wl60-0-0.mp4,1_wl60-0-0---WL60---20896---32570---0---0.mp4,1_wl60-0-0,20896,wl60,32570,true,,
7ee12313-9fab-4db2-a3f0-8a34633710fc,https://api-media-core.jesusfilm.org/1_wl60-0-0/variants/20851/videos/1a315937-952a-451b-a8bd-4fa3cef476e0/20851_1_wl60-0-0.mp4,1_wl60-0-0---WL60---20851---32517---0---0.mp4,1_wl60-0-0,20851,wl60,32517,true,,
7af731da-074b-44ae-8dc2-f133484d25d0,https://api-media-core.jesusfilm.org/1_wl60-0-0/variants/20900/videos/7e056b48-482c-4d07-9a6b-5d53dc54d735/20900_1_wl60-0-0.mp4,1_wl60-0-0---WL60---20900---32504---0---0.mp4,1_wl60-0-0,20900,wl60,32504,true,,
fb9ada59-c941-402d-9124-d411a4f0f6a0,https://api-media-core.jesusfilm.org/1_wl60-0-0/variants/13172/videos/e49b7d01-c893-4e7e-b082-77615251bf91/13172_1_wl60-0-0.mp4,1_wl60-0-0---WL60---13172---32217---0---0.mp4,1_wl60-0-0,13172,wl60,32217,true,,
acad6f29-bf1d-4542-a614-ad7898f2676f,https://api-media-core.jesusfilm.org/1_jf-0-0/variants/106963/videos/612585be-6ab8-4da1-b61c-b63f6bb505f1/106963_1_jf-0-0.mp4,1_jf-0-0---OT---106963---32160---0---0.mp4,1_jf-0-0,106963,ot,32160,true,,
a1de93da-3d8c-449d-b256-0a4887af44e7,https://api-media-core.jesusfilm.org/1_wl60-0-0/variants/18450/videos/424e41ed-357a-46a5-be25-3f9f4c1b52ad/18450_1_wl60-0-0.mp4,1_wl60-0-0---WL60_RPC---18450---32152---0---0.mp4,1_wl60-0-0,18450,wl60_rpc,32152,true,,
fcb4a0d5-f878-4ee9-9fac-17ce77b76d1e,https://api-media-core.jesusfilm.org/1_wl60-0-0/variants/24416/videos/2edd8363-8f80-4764-8d46-2613a2c44720/24416_1_wl60-0-0.mp4,1_wl60-0-0---WL60---24416---32469---0---0.mp4,1_wl60-0-0,24416,wl60,32469,true,,
dbbb0b48-61df-421c-8852-a2a6aa5a6c4a,https://api-media-core.jesusfilm.org/1_wl60-0-0/variants/143789/videos/fce2e5ac-afa6-4ad0-b2b8-5ce2d66cdd56/143789_1_wl60-0-0.mp4,1_wl60-0-0---WL60---143789---32468---0---0.mp4,1_wl60-0-0,143789,wl60,32468,true,,
f842ebc8-08e6-4a2d-bf6a-01d825f62687,https://api-media-core.jesusfilm.org/1_wl60-0-0/variants/184479/videos/32eebb7a-786c-4fc6-89f6-3557d79c4acf/184479_1_wl60-0-0.mp4,1_wl60-0-0---WL60---184479---32467---0---0.mp4,1_wl60-0-0,184479,wl60,32467,true,,
0bfc3a03-2197-4bf5-84ec-ae7c8ec96fc1,https://api-media-core.jesusfilm.org/1_wl60-0-0/variants/19594/videos/91c65569-b47c-4b8b-9e6d-0c73c39a7945/19594_1_wl60-0-0.mp4,1_wl60-0-0---WL60---19594---32466---0---0.mp4,1_wl60-0-0,19594,wl60,32466,true,,
12909bd0-5ea9-475e-b3f9-22b420d45947,https://api-media-core.jesusfilm.org/1_wl60-0-0/variants/5667/videos/403be47d-2c37-4136-af9a-0910a9bf427a/5667_1_wl60-0-0.mp4,1_wl60-0-0---WL60---5667---32465---0---0.mp4,1_wl60-0-0,5667,wl60,32465,true,,
7099dcda-16c0-4128-8527-d89fd016f1da,https://api-media-core.jesusfilm.org/1_wl60-0-0/variants/12595/videos/275151d7-6641-4b20-8c7c-76645410cbce/12595_1_wl60-0-0.mp4,1_wl60-0-0---WL60---12595---32139---0---0.mp4,1_wl60-0-0,12595,wl60,32139,true,,
de5b6ff2-6b93-4ade-a0af-03c52919546a,https://api-media-core.jesusfilm.org/1_wl60-0-0/variants/7309/videos/c04acebb-6509-46e6-afd2-bde494005c49/7309_1_wl60-0-0.mp4,1_wl60-0-0---WL60---7309---32432---0---0.mp4,1_wl60-0-0,7309,wl60,32432,true,,
b4da2cc2-c689-4173-a51c-5d7b0fc080da,https://api-media-core.jesusfilm.org/1_wl60-0-0/variants/6975/videos/9587b7c4-2eab-4de0-805a-0dfaf31df982/6975_1_wl60-0-0.mp4,1_wl60-0-0---WL60---6975---32412---0---0.mp4,1_wl60-0-0,6975,wl60,32412,true,,
ad954953-2e8d-4662-8766-968e6dbdc213,https://api-media-core.jesusfilm.org/1_cl-0-0/variants/7885/videos/98b23eca-e264-4279-a7a0-c1142f0a3fb1/7885_1_cl-0-0.mp4,1_cl-0-0---EC---7885---32410---0---0.mp4,1_cl-0-0,7885,ec,32410,true,,
2c352ffe-e142-40cf-bf59-58b807578a84,https://api-media-core.jesusfilm.org/1_wl60-0-0/variants/1335/videos/52b3d8b8-8837-4bd8-a1e9-0b025c7965d7/1335_1_wl60-0-0.mp4,1_wl60-0-0---WL60---1335---32394---0---0.mp4,1_wl60-0-0,1335,wl60,32394,true,,
9ea6b262-bdad-421a-9851-c18b7185f0dc,https://api-media-core.jesusfilm.org/1_wl60-0-0/variants/7885/videos/d539836e-8207-4da6-98e2-44e94acc02d8/7885_1_wl60-0-0.mp4,1_wl60-0-0---WL60---7885---32195---0---0.mp4,1_wl60-0-0,7885,wl60,32195,true,,
010b86de-23b9-499b-afe5-2419fdb4532c,https://api-media-core.jesusfilm.org/1_wl60-0-0/variants/20790/videos/70b74ed2-5032-4f1c-aa12-ed7a287b6880/20790_1_wl60-0-0.mp4,1_wl60-0-0---WL60---20790---32388---0---0.mp4,1_wl60-0-0,20790,wl60,32388,true,,
6f1121e6-26a0-4824-a0fe-e26e3ba5f60e,https://api-media-core.jesusfilm.org/1_wl60-0-0/variants/20754/videos/512b0a15-2325-4a9b-be78-3a103d69387d/20754_1_wl60-0-0.mp4,1_wl60-0-0---WL60---20754---32387---0---0.mp4,1_wl60-0-0,20754,wl60,32387,true,,
e10710fa-ae43-4b89-a4cd-be54e2e604a1,https://api-media-core.jesusfilm.org/1_wl60-0-0/variants/24014/videos/e527c237-5b11-42db-ad83-29cd11fd21ca/24014_1_wl60-0-0.mp4,1_wl60-0-0---WL60---24014---32177---0---0.mp4,1_wl60-0-0,24014,wl60,32177,true,,
6a2ba36f-63cb-4ada-9142-2a5b0f0826a4,https://api-media-core.jesusfilm.org/1_wl60-0-0/variants/4344/videos/de25b0c1-ac79-4002-a372-7c298b164ffb/4344_1_wl60-0-0.mp4,1_wl60-0-0---WL60---4344---32386---0---0.mp4,1_wl60-0-0,4344,wl60,32386,true,,
7938d12d-2651-4057-a906-560cb7081471,https://api-media-core.jesusfilm.org/1_wl60-0-0/variants/23388/videos/1c9c8c52-932b-42e8-acab-e5e742487a87/23388_1_wl60-0-0.mp4,1_wl60-0-0---WL60---23388---32384---0---0.mp4,1_wl60-0-0,23388,wl60,32384,true,,
e301922a-ddd1-4408-9e83-2f98e739b217,https://api-media-core.jesusfilm.org/1_cl-0-0/variants/2075/videos/ba53c031-830b-4f01-a408-0c82b532e870/2075_1_cl-0-0.mp4,1_cl-0-0---AC---2075---32382---0---0.mp4,1_cl-0-0,2075,ac,32382,true,,
0cbdb7f6-6dac-4fa3-bfb2-87570608d6ac,https://api-media-core.jesusfilm.org/1_wl60-0-0/variants/2075/videos/0fc99871-484c-4b70-9a8d-e8bb3a547dda/2075_1_wl60-0-0.mp4,1_wl60-0-0---WL60---2075---32380---0---0.mp4,1_wl60-0-0,2075,wl60,32380,true,,
87fc0515-6c69-4c2c-995f-9e31ef6fcab1,https://api-media-core.jesusfilm.org/1_wl60-0-0/variants/16107/videos/22131f3f-91a5-4591-8061-d6a1cab8cd27/16107_1_wl60-0-0.mp4,1_wl60-0-0---WL60---16107---32379---0---0.mp4,1_wl60-0-0,16107,wl60,32379,true,,
0663fe2a-7fb8-4f5c-8e4d-26fb8d733b23,https://api-media-core.jesusfilm.org/1_wl60-0-0/variants/2028/videos/40772c04-8658-40ac-992f-637c71391bfc/2028_1_wl60-0-0.mp4,1_wl60-0-0---WL60---2028---32377---0---0.mp4,1_wl60-0-0,2028,wl60,32377,true,,
d19d7eb9-776d-46b0-b9e9-8542030db61b,https://api-media-core.jesusfilm.org/1_wl60-0-0/variants/2104/videos/7f25c3d5-06ef-4338-bd51-3c0bba1d1736/2104_1_wl60-0-0.mp4,1_wl60-0-0---WL60---2104---32376---0---0.mp4,1_wl60-0-0,2104,wl60,32376,true,,
9cbd9456-52ab-4986-9d48-edd11616e035,https://api-media-core.jesusfilm.org/1_wl60-0-0/variants/4734/videos/2e448a53-17d8-4382-8726-8efbff3e150f/4734_1_wl60-0-0.mp4,1_wl60-0-0---WL60---4734---32355---0---0.mp4,1_wl60-0-0,4734,wl60,32355,true,,
f4955100-9c38-405d-b30f-c930bf54a005,https://api-media-core.jesusfilm.org/1_wl60-0-0/variants/131700/videos/4dc1d493-c5e1-4ea9-ac73-d1d490253920/131700_1_wl60-0-0.mp4,1_wl60-0-0---WL60---131700---32354---0---0.mp4,1_wl60-0-0,131700,wl60,32354,true,,
4e1de3e0-f5a8-4a1f-9e6e-b18278b7e4e5,https://api-media-core.jesusfilm.org/1_wl60-0-0/variants/4635/videos/60dd72ac-bee2-4389-a14c-414cc2a1df83/4635_1_wl60-0-0.mp4,1_wl60-0-0---WL60---4635---32353---0---0.mp4,1_wl60-0-0,4635,wl60,32353,true,,
f4cc2d55-78dd-4b41-9abf-39c577a679fc,https://api-media-core.jesusfilm.org/1_wl60-0-0/variants/13316/videos/a8263f2d-60d9-4715-a7a9-2061aa13ecb7/13316_1_wl60-0-0.mp4,1_wl60-0-0---WL60---13316---32327---0---0.mp4,1_wl60-0-0,13316,wl60,32327,true,,
b3507f8f-2d51-42ed-9bcb-808072a3634e,https://api-media-core.jesusfilm.org/1_wl60-0-0/variants/10519/videos/ec446cf6-1aee-4509-ac8f-04038af22090/10519_1_wl60-0-0.mp4,1_wl60-0-0---WL60---10519---32325---0---0.mp4,1_wl60-0-0,10519,wl60,32325,true,,
2d235742-aabf-4490-835b-a7c6a86d81c2,https://api-media-core.jesusfilm.org/1_wl60-0-0/variants/184515/videos/c0bac4c3-867b-45b5-ab6f-c1cf372d4cd9/184515_1_wl60-0-0.mp4,1_wl60-0-0---WL60---184515---32315---0---0.mp4,1_wl60-0-0,184515,wl60,32315,true,,
3551fbfe-b7a1-43de-8fac-d6be6e4595dc,https://api-media-core.jesusfilm.org/1_wl60-0-0/variants/22500/videos/95270b94-132c-464b-b32e-9199b5b1806c/22500_1_wl60-0-0.mp4,1_wl60-0-0---WL60---22500---32308---0---0.mp4,1_wl60-0-0,22500,wl60,32308,true,,
fa8b35ff-aa67-4b98-a0f7-c59f1b051182,https://api-media-core.jesusfilm.org/1_wl604406-0-0/variants/389/videos/59609576-7225-4b87-8cde-23b5f8b9bd00/389_1_wl604406-0-0.mp4,1_wl604406-0-0---WL60---389---31228---0---0.mp4,1_wl604406-0-0,389,wl60,31228,true,,
530528cd-37ea-4eb3-8f7b-efa9856787b9,https://api-media-core.jesusfilm.org/1_jf6104-0-0/variants/12693/videos/810312ad-6bec-4560-b68c-3ca4e35dde25/12693_1_jf6104-0-0.mp4,1_jf6104-0-0---OT---12693---31516---0---0.mp4,1_jf6104-0-0,12693,ot,31516,true,,
88bcd914-6ea8-4396-9d05-24084827c336,https://api-media-core.jesusfilm.org/1_jf6143-0-0/variants/139124/videos/bf2cf46a-72a0-4265-904d-d31633131b34/139124_1_jf6143-0-0.mp4,1_jf6143-0-0---OT---139124---31642---0---0.mp4,1_jf6143-0-0,139124,ot,31642,true,,
3ca363cb-8b5f-4009-8bb3-08468dd92e3f,https://api-media-core.jesusfilm.org/1_jf6126-0-0/variants/139124/videos/41d1ff51-a3ed-48ed-af13-a23ace3029fe/139124_1_jf6126-0-0.mp4,1_jf6126-0-0---OT---139124---31642---0---0.mp4,1_jf6126-0-0,139124,ot,31642,true,,
19d83134-8dfc-41ca-bae9-7774da028249,https://api-media-core.jesusfilm.org/1_cl-0-0/variants/5456/videos/91f3bfcb-8fd3-4bbb-8c52-c11965ba18c4/5456_1_cl-0-0.mp4,1_cl-0-0---AC---5456---31635---0---0.mp4,1_cl-0-0,5456,ac,31635,true,,
16e92915-0e81-40d0-9b63-6756bb663774,https://api-media-core.jesusfilm.org/1_wl60-0-0/variants/7083/videos/6578de51-6e44-43d6-b6a4-d90e71e3c9aa/7083_1_wl60-0-0.mp4,1_wl60-0-0---WL60---7083---31921---0---0.mp4,1_wl60-0-0,7083,wl60,31921,true,,
cb779337-2f5e-4810-86ec-2b4efe2bb07b,https://api-media-core.jesusfilm.org/1_wl60-0-0/variants/13376/videos/36d99792-c9c8-42aa-b16a-ec07d7c9e313/13376_1_wl60-0-0.mp4,1_wl60-0-0---WL60---13376---31876---0---0.mp4,1_wl60-0-0,13376,wl60,31876,true,,
876803a4-eb52-4821-b340-558cfa116432,https://api-media-core.jesusfilm.org/1_wl60-0-0/variants/4473/videos/f03b9653-17bd-4c68-ad83-673051c557cd/4473_1_wl60-0-0.mp4,1_wl60-0-0---WL60---4473---31860---0---0.mp4,1_wl60-0-0,4473,wl60,31860,true,,
53515fec-c695-48e6-b3c6-227bc85f9515,https://api-media-core.jesusfilm.org/1_wl60-0-0/variants/13408/videos/af1698ff-1db7-406c-b715-335c5cdc67bb/13408_1_wl60-0-0.mp4,1_wl60-0-0---WL60---13408---31852---0---0.mp4,1_wl60-0-0,13408,wl60,31852,true,,
4670e4da-a80c-4d43-b02b-98090e54f1a4,https://api-media-core.jesusfilm.org/1_cl-0-0/variants/20285/videos/b0d635dd-809e-43ee-942c-46046b975edc/20285_1_cl-0-0.mp4,1_cl-0-0---AC---20285---31170---0---0.mp4,1_cl-0-0,20285,ac,31170,true,,
8469897c-6d12-43ee-b90e-27eb99abaebb,https://api-media-core.jesusfilm.org/1_cl-0-0/variants/53424/videos/64010d2e-cf96-4d10-82b0-f1d9d6d4ee94/53424_1_cl-0-0.mp4,1_cl-0-0---AC---53424---29138---0---0.mp4,1_cl-0-0,53424,ac,29138,true,,
051133bd-1019-40c4-8fd4-dc80eee78bfb,https://api-media-core.jesusfilm.org/1_cl-0-0/variants/1341/videos/da81984c-2664-4ab6-a8ba-ec87df4f7c22/1341_1_cl-0-0.mp4,1_cl-0-0---AC---1341---29071---0---0.mp4,1_cl-0-0,1341,ac,29071,true,,
34a1ef9a-a472-4fa6-a021-f694ac12dfe3,https://api-media-core.jesusfilm.org/1_cl-0-0/variants/1942/videos/ca5ce9b6-73cd-444f-b4e1-87cdf2906191/1942_1_cl-0-0.mp4,1_cl-0-0---EC---1942---30509---0---0.mp4,1_cl-0-0,1942,ec,30509,true,,
41f1e937-b747-4972-b121-a743494eaada,https://api-media-core.jesusfilm.org/1_cl-0-0/variants/3712/videos/19584619-a739-4a61-b1fd-71934b1ec2b5/3712_1_cl-0-0.mp4,1_cl-0-0---EC---3712---30508---0---0.mp4,1_cl-0-0,3712,ec,30508,true,,
8df172f1-d540-4e0a-a76b-be90f5fbd557,https://api-media-core.jesusfilm.org/1_cl-0-0/variants/185199/videos/9e5ad5c6-b2fa-44dd-b9e8-7ce5e991741e/185199_1_cl-0-0.mp4,1_cl-0-0---AC---185199---29987---0---0.mp4,1_cl-0-0,185199,ac,29987,true,,
a30273be-34eb-44e4-b538-36439eee6f65,https://api-media-core.jesusfilm.org/1_cl-0-0/variants/4455/videos/e487d700-6ce8-4a81-b0b3-a7f80b694287/4455_1_cl-0-0.mp4,1_cl-0-0---EC---4455---29979---0---0.mp4,1_cl-0-0,4455,ec,29979,true,,
85f107c4-fb17-4755-a286-010c90258c9b,https://api-media-core.jesusfilm.org/1_cl-0-0/variants/10393/videos/61b4ed53-b0dc-48c4-8d59-f89521db1058/10393_1_cl-0-0.mp4,1_cl-0-0---EC---10393---29960---0---0.mp4,1_cl-0-0,10393,ec,29960,true,,
cc1015c6-fb69-4aab-86f1-71a58de33638,https://api-media-core.jesusfilm.org/1_cl-0-0/variants/21046/videos/39bd3094-14cd-4f99-8ee7-c039268c5c3d/21046_1_cl-0-0.mp4,1_cl-0-0---EC---21046---29951---0---0.mp4,1_cl-0-0,21046,ec,29951,true,,
a606ff71-5513-4f4e-8e6f-9d1b4ad1b311,https://api-media-core.jesusfilm.org/1_cl-0-0/variants/21064/videos/f31ad78c-4c44-4b31-ba33-2674db6e6a62/21064_1_cl-0-0.mp4,1_cl-0-0---EC---21064---29950---0---0.mp4,1_cl-0-0,21064,ec,29950,true,,
0feb5bc4-8af2-4437-b144-c01a844465f4,https://api-media-core.jesusfilm.org/1_cl-0-0/variants/7519/videos/40b4ab8e-44bd-4f14-9f23-1cd98b16e84c/7519_1_cl-0-0.mp4,1_cl-0-0---EC---7519---29949---0---0.mp4,1_cl-0-0,7519,ec,29949,true,,
5f64cdff-c7c9-4e9d-acd5-98c6b674ecec,https://api-media-core.jesusfilm.org/1_cl-0-0/variants/483/videos/f240353c-0749-4d98-a768-72cac7e879c2/483_1_cl-0-0.mp4,1_cl-0-0---EC---483---29948---0---0.mp4,1_cl-0-0,483,ec,29948,true,,
7ef2582d-0b8f-4f58-b189-7fd99102e148,https://api-media-core.jesusfilm.org/1_cl-0-0/variants/531/videos/3fe3543d-038d-4be0-8df4-f720bd7e9211/531_1_cl-0-0.mp4,1_cl-0-0---EC---531---29947---0---0.mp4,1_cl-0-0,531,ec,29947,true,,
76eb1010-7d4a-439c-af8e-5fa539cb885c,https://api-media-core.jesusfilm.org/1_cl-0-0/variants/4601/videos/c5dc20e4-65a2-42a6-a301-853bc16ea051/4601_1_cl-0-0.mp4,1_cl-0-0---EC---4601---29932---0---0.mp4,1_cl-0-0,4601,ec,29932,true,,
d2d30c99-fe7d-4061-84bf-ddca05f275d2,https://api-media-core.jesusfilm.org/1_cl-0-0/variants/2614/videos/04af6f9f-e255-48d1-b52f-8b74d6269995/2614_1_cl-0-0.mp4,1_cl-0-0---AC---2614---29929---0---0.mp4,1_cl-0-0,2614,ac,29929,true,,
1c03ff98-8b96-44a5-b457-f2e4c77b20f8,https://api-media-core.jesusfilm.org/1_jf6121-0-0/variants/185335/videos/727234cd-8513-400b-a9b0-6ceb8920e049/185335_1_jf6121-0-0.mp4,1_jf6121-0-0---OT---185335---40736---0---0.mp4,1_jf6121-0-0,185335,ot,40736,true,,
5fccae70-a56b-4259-b491-e9a3dfd64644,https://api-media-core.jesusfilm.org/1_cl-0-0/variants/496/videos/a374b52a-1ef5-48e9-94b6-35ce3349992d/496_1_cl-0-0.mp4,1_cl-0-0---EC---496---29916---0---0.mp4,1_cl-0-0,496,ec,29916,true,,
adb2aad4-8d4f-4d14-8e26-4f7415dd08b0,https://api-media-core.jesusfilm.org/1_cl-0-0/variants/1106/videos/ad135941-7bd9-484d-8519-129476f7a875/1106_1_cl-0-0.mp4,1_cl-0-0---EC---1106---29850---0---0.mp4,1_cl-0-0,1106,ec,29850,true,,
41406ffe-ebc4-4199-b01b-e4bd3a64103f,https://api-media-core.jesusfilm.org/1_jf-0-0/variants/185335/videos/c25dc0cd-6862-4e66-a6df-3614efe3f131/185335_1_jf-0-0.mp4,1_jf-0-0---OT---185335---40736---0---0.mp4,1_jf-0-0,185335,ot,40736,true,,
dcb776e2-2360-46a5-8de5-cdb1be610361,https://api-media-core.jesusfilm.org/1_cl-0-0/variants/1308/videos/7a0541db-a390-44c0-95c3-31d987868a9f/1308_1_cl-0-0.mp4,1_cl-0-0---AC---1308---28996---0---0.mp4,1_cl-0-0,1308,ac,28996,true,,
a5446af1-f93f-4e53-af0f-889f4aebd7ff,https://api-media-core.jesusfilm.org/1_cl-0-0/variants/7577/videos/4c5eb90d-d49d-497a-ba70-a1160e631def/7577_1_cl-0-0.mp4,1_cl-0-0---AC---7577---28995---0---0.mp4,1_cl-0-0,7577,ac,28995,true,,
3af0e61d-c792-47aa-a863-fa05417a1a6e,https://api-media-core.jesusfilm.org/1_cl-0-0/variants/13098/videos/d71423c6-f68a-426f-b229-9ebf1b7267f7/13098_1_cl-0-0.mp4,1_cl-0-0---AC---13098---28994---0---0.mp4,1_cl-0-0,13098,ac,28994,true,,
962f4a7e-fef3-4bda-9695-ba948c635db2,https://api-media-core.jesusfilm.org/1_cl-0-0/variants/4547/videos/550c697e-8a04-4056-b2ae-035de5d86fda/4547_1_cl-0-0.mp4,1_cl-0-0---AC---4547---28993---0---0.mp4,1_cl-0-0,4547,ac,28993,true,,
4c3edef6-dd75-4757-a52c-85ca2db73818,https://api-media-core.jesusfilm.org/1_cl-0-0/variants/185221/videos/463d1c71-9f19-414d-ac65-7bf55502b4b3/185221_1_cl-0-0.mp4,1_cl-0-0---AC---185221---28887---0---0.mp4,1_cl-0-0,185221,ac,28887,true,,
3893ec4a-147c-4ce2-a241-d480872b0979,https://api-media-core.jesusfilm.org/1_cl-0-0/variants/13465/videos/888a73c8-f19a-4c19-92d7-eac31bc213c7/13465_1_cl-0-0.mp4,1_cl-0-0---AC---13465---29585---0---0.mp4,1_cl-0-0,13465,ac,29585,true,,
d555ca90-290d-43c5-ab78-308a907c0098,https://api-media-core.jesusfilm.org/1_cl-0-0/variants/185021/videos/4cede949-6cbf-44ed-a4c3-ba35587cc155/185021_1_cl-0-0.mp4,1_cl-0-0---EC---185021---29576---0---0.mp4,1_cl-0-0,185021,ec,29576,true,,
ba4d056e-9f25-47be-b2d8-310e0c9cd75d,https://api-media-core.jesusfilm.org/1_cl-0-0/variants/4415/videos/2e0b5b77-4bbc-4eae-a0ab-11604019594b/4415_1_cl-0-0.mp4,1_cl-0-0---EC---4415---29575---0---0.mp4,1_cl-0-0,4415,ec,29575,true,,
fd1890e6-5785-43ac-928a-8bd16ec333e7,https://api-media-core.jesusfilm.org/1_cl-0-0/variants/13414/videos/62eb99f8-dabe-4328-bba7-09fd9c60d2bd/13414_1_cl-0-0.mp4,1_cl-0-0---AC---13414---29284---0---0.mp4,1_cl-0-0,13414,ac,29284,true,,
a8123fe4-50f0-47eb-8984-5e750e54b208,https://api-media-core.jesusfilm.org/1_cl-0-0/variants/9774/videos/613349e2-705d-4a69-a0e9-5444c1654279/9774_1_cl-0-0.mp4,1_cl-0-0---AC---9774---29164---0---0.mp4,1_cl-0-0,9774,ac,29164,true,,
ab8444d6-e1ca-4431-9244-b95404125a14,https://api-media-core.jesusfilm.org/1_cl-0-0/variants/1479/videos/f05734e7-9672-469d-b63c-5d607c0406a6/1479_1_cl-0-0.mp4,1_cl-0-0---AC---1479---28133---0---0.mp4,1_cl-0-0,1479,ac,28133,true,,
7eda0829-60c8-4a6c-a7f0-1f7c4f45f3d6,https://api-media-core.jesusfilm.org/1_cl-0-0/variants/7547/videos/07dae466-24cb-4224-b3e8-eacca81d80c4/7547_1_cl-0-0.mp4,1_cl-0-0---AC---7547---25901---0---0.mp4,1_cl-0-0,7547,ac,25901,true,,
c832bc65-fcee-410f-b664-0d430dea6d15,https://api-media-core.jesusfilm.org/1_cl-0-0/variants/13408/videos/3450a435-d4b4-4fb2-81d9-8a1aacd00af4/13408_1_cl-0-0.mp4,1_cl-0-0---AC---13408---25900---0---0.mp4,1_cl-0-0,13408,ac,25900,true,,
e5dd5ef5-8439-46a1-b9f3-05c38df9a56d,https://api-media-core.jesusfilm.org/1_cl-0-0/variants/7546/videos/647869a2-2160-4fd1-a93f-fa35e262799d/7546_1_cl-0-0.mp4,1_cl-0-0---AC---7546---25904---0---0.mp4,1_cl-0-0,7546,ac,25904,true,,
4e4f948e-c3bf-46d2-8d3f-1b03bb8c3b23,https://api-media-core.jesusfilm.org/1_cl-0-0/variants/20675/videos/106f8ca0-4dc1-4af6-84c0-e60ee1641356/20675_1_cl-0-0.mp4,1_cl-0-0---AC---20675---25912---0---0.mp4,1_cl-0-0,20675,ac,25912,true,,
860c0c82-359a-4f83-aef9-7b9df25e32ce,https://api-media-core.jesusfilm.org/1_cl-0-0/variants/8506/videos/44f986da-16c5-449a-95ca-0c237064458c/8506_1_cl-0-0.mp4,1_cl-0-0---AC---8506---24910---0---0.mp4,1_cl-0-0,8506,ac,24910,true,,
9d5bf5e6-782c-463e-9d75-c97827bf8075,https://api-media-core.jesusfilm.org/1_cl-0-0/variants/20857/videos/1db8df9e-00e2-4d67-bb1a-612cab89e59e/20857_1_cl-0-0.mp4,1_cl-0-0---AC---20857---24899---0---0.mp4,1_cl-0-0,20857,ac,24899,true,,
2b2b37fd-8260-4b98-b145-c9d4e1bfe849,https://api-media-core.jesusfilm.org/1_cl-0-0/variants/14278/videos/de498dac-3f66-47fa-b0a6-ce380cb9bc15/14278_1_cl-0-0.mp4,1_cl-0-0---AC---14278---24917---0---0.mp4,1_cl-0-0,14278,ac,24917,true,,
2ecac825-4d98-404b-8b04-bdefbb51794e,https://api-media-core.jesusfilm.org/1_cl-0-0/variants/23178/videos/e7c50bc5-9c58-43ce-ac25-9cba21ef5a38/23178_1_cl-0-0.mp4,1_cl-0-0---AC---23178---24905---0---0.mp4,1_cl-0-0,23178,ac,24905,true,,
943ab5d6-d73e-495b-b96e-b1ca1079c3d5,https://api-media-core.jesusfilm.org/1_cl-0-0/variants/20947/videos/d3292d2d-598b-4558-a140-94b5683cf1f3/20947_1_cl-0-0.mp4,1_cl-0-0---AC---20947---24904---0---0.mp4,1_cl-0-0,20947,ac,24904,true,,
ae29d676-7abf-4111-8e62-bfdf4bdcf08b,https://api-media-core.jesusfilm.org/1_cl-0-0/variants/19705/videos/985ccbd5-f7a6-4266-aa7c-17db268b4c6f/19705_1_cl-0-0.mp4,1_cl-0-0---EC---19705---24832---0---0.mp4,1_cl-0-0,19705,ec,24832,true,,
db25aff5-fd69-4e94-a875-1c4f0715172f,https://api-media-core.jesusfilm.org/1_jf6122-0-0/variants/185339/videos/76a5268f-1ec2-4cc0-8a8c-555dc44b9c60/185339_1_jf6122-0-0.mp4,1_jf6122-0-0---OT---185339---40742---0---0.mp4,1_jf6122-0-0,185339,ot,40742,true,,
6375f143-30e7-426e-99a6-1b40a5b1cb71,https://api-media-core.jesusfilm.org/1_jf6119-0-0/variants/185339/videos/47203aae-362b-43ca-a871-dd21ab111624/185339_1_jf6119-0-0.mp4,1_jf6119-0-0---OT---185339---40742---0---0.mp4,1_jf6119-0-0,185339,ot,40742,true,,
de4691fb-caa5-423e-9389-512cd3040801,https://api-media-core.jesusfilm.org/1_jf-0-0/variants/185339/videos/acd68f0d-f1df-4ec5-9afc-2e1cda33410e/185339_1_jf-0-0.mp4,1_jf-0-0---OT---185339---40742---0---0.mp4,1_jf-0-0,185339,ot,40742,true,,
6ec20f7a-3f7e-4a3e-9646-21035de49991,https://api-media-core.jesusfilm.org/1_jf-0-0/variants/106963/videos/d5b70abd-0674-401e-a6fb-09d482ad6f0a/106963_1_jf-0-0.mp4,1_jf-0-0---OT---106963---32160---0---0.mp4,1_jf-0-0,106963,ot,32160,true,,
197278f1-0838-4401-a762-f30f109aa0b4,https://api-media-core.jesusfilm.org/1_jf-0-0/variants/106963/videos/2306e82f-1d42-4ea3-a096-5132eb62572c/106963_1_jf-0-0.mp4,1_jf-0-0---OT---106963---32160---0---0.mp4,1_jf-0-0,106963,ot,32160,true,,
538a8fee-7c50-4161-90f4-4ee0cf097a72,https://api-media-core.jesusfilm.org/1_jf6154-0-0/variants/4101/videos/916986fa-563a-4fbf-8ca1-704473ad3577/4101_1_jf6154-0-0.mp4,1_jf6154-0-0---ot---4101---1.mp4,1_jf6154-0-0,4101,ot,1,true,,
9f645943-c42c-4a72-9e38-d014ab0fc4a3,https://api-media-core.jesusfilm.org/1_jf6149-0-0/variants/139188/videos/d5507a5e-9347-420e-b025-2fce1aa0cead/139188_1_jf6149-0-0.mp4,1_jf6149-0-0---ot---139188---1.mp4,1_jf6149-0-0,139188,ot,1,true,,
cbf7fedc-0549-48b4-b563-cee983a05daa,https://api-media-core.jesusfilm.org/1_jf6146-0-0/variants/139188/videos/646a4117-dbfc-475d-9d3d-abe44e1edd80/139188_1_jf6146-0-0.mp4,1_jf6146-0-0---ot---139188---1.mp4,1_jf6146-0-0,139188,ot,1,true,,
e8e608b1-1cd3-4f55-8c99-3c3014382049,https://api-media-core.jesusfilm.org/1_jf6126-0-0/variants/15476/videos/aa34aa9f-ccfb-40bf-9199-625cc713dfd0/15476_1_jf6126-0-0.mp4,1_jf6126-0-0---ot---15476---1.mp4,1_jf6126-0-0,15476,ot,1,true,,
3f1511ea-53c8-453e-b2f3-5bdead552375,https://api-media-core.jesusfilm.org/1_jf6118-0-0/variants/4101/videos/510c58ef-68ee-4150-bc3b-0e0b562ef05f/4101_1_jf6118-0-0.mp4,1_jf6118-0-0---ot---4101---1.mp4,1_jf6118-0-0,4101,ot,1,true,,
43b5919c-4748-44cd-b0c7-046fffab2a4f,https://api-media-core.jesusfilm.org/0_JesusVisionJFP/variants/496/videos/2dd87abf-2866-4575-ba2c-76bd92a18388/496_0_JesusVisionJFP.mp4,0_JesusVisionJFP---base---496---40109---0---0.mp4,0_JesusVisionJFP,496,base,40109,true,,
ee64ae01-2a32-4803-a160-dc220c781ee5,https://api-media-core.jesusfilm.org/0_JesusVisionJFP/variants/496/videos/31432746-1c9f-4308-aaef-fc54a686ba43/496_0_JesusVisionJFP.mp4,0_JesusVisionJFP---base---496---1.mp4,0_JesusVisionJFP,496,base,1,true,,