videoId,languageId,edition,version,reason,r2AssetId,r2PublicUrl,originalFilename,status,flags,formatDurationSec,videoDurationSec,audioDurationSec,durationRatio,ffprobeError
1_cl-0-0,1269,cl,29939,no_variant,5b4f9144-9e13-4723-b106-03260d527903,https://api-media-core.jesusfilm.org/1_cl-0-0/variants/1269/videos/ac152fdd-1172-43da-94b3-ac9b586ebc70/1269_1_cl-0-0.mp4,1_cl-0-0---CL---1269---29939---0---0.mp4,fail,container_video_ratio_ge_3;long_container_short_video;audio_video_ratio_ge_3,3679.787,56.745,3679.787,64.848,
1_cl-0-0,4820,cl,29903,no_variant,4d578176-7712-47ab-8828-00aae6d1fc4d,https://api-media-core.jesusfilm.org/1_cl-0-0/variants/4820/videos/b2820b9e-1f09-41ce-8059-dc20552a435f/4820_1_cl-0-0.mp4,1_cl-0-0---CL---4820---29903---0---0.mp4,fail,container_video_ratio_ge_3;long_container_short_video;audio_video_ratio_ge_3,3679.787,56.745,3679.787,64.848,
1_jf6161-0-0,5456,ot,31638,no_variant,467a3990-8d44-4944-a9f3-9744445d08cd,https://api-media-core.jesusfilm.org/1_jf6161-0-0/variants/5456/videos/875a17b3-9c97-4eda-b41c-09a71f7f9fb1/5456_1_jf6161-0-0.mp4,1_jf6161-0-0---OT---5456---31638---0---0.mp4,ok,,340.565,340.507,340.565,1.000,
1_jf6160-0-0,5456,ot,31638,no_variant,33564986-4b7c-42ec-af8c-05d4a128fb13,https://api-media-core.jesusfilm.org/1_jf6160-0-0/variants/5456/videos/1322009d-6957-4f7d-87ab-3f31fda3de39/5456_1_jf6160-0-0.mp4,1_jf6160-0-0---OT---5456---31638---0---0.mp4,ok,,75.925,75.826,75.925,1.001,
1_jf6159-0-0,5456,ot,31638,no_variant,d6dea993-bbec-48cd-978a-163cf75d9e99,https://api-media-core.jesusfilm.org/1_jf6159-0-0/variants/5456/videos/3c0aa5f5-79c0-4aaa-bccf-c928d0febe2f/5456_1_jf6159-0-0.mp4,1_jf6159-0-0---OT---5456---31638---0---0.mp4,ok,,115.584,115.490,115.584,1.001,
1_jf6158-0-0,5456,ot,31638,no_variant,d5f5219e-263c-4f35-babd-e3759ed56e1d,https://api-media-core.jesusfilm.org/1_jf6158-0-0/variants/5456/videos/1ab8495c-2081-4a95-84ec-216bb8509554/5456_1_jf6158-0-0.mp4,1_jf6158-0-0---OT---5456---31638---0---0.mp4,ok,,82.432,82.332,82.432,1.001,
1_jf6157-0-0,5456,ot,31638,no_variant,0117c317-8c18-4e04-a1dc-0e4598c6ea08,https://api-media-core.jesusfilm.org/1_jf6157-0-0/variants/5456/videos/04000711-c9f8-40d8-a299-4eca76152a8e/5456_1_jf6157-0-0.mp4,1_jf6157-0-0---OT---5456---31638---0---0.mp4,ok,,88.597,88.505,88.597,1.001,
1_jf6156-0-0,5456,ot,31638,no_variant,8a7f9da3-6127-46a0-9c90-bdce1257634e,https://api-media-core.jesusfilm.org/1_jf6156-0-0/variants/5456/videos/288ef048-cd2c-4b3c-8e82-ef612ea5a06b/5456_1_jf6156-0-0.mp4,1_jf6156-0-0---OT---5456---31638---0---0.mp4,ok,,120.597,120.495,120.597,1.001,
1_jf6155-0-0,5456,ot,31638,no_variant,6662930d-b6e9-4df1-bb1f-17aa3a85d13f,https://api-media-core.jesusfilm.org/1_jf6155-0-0/variants/5456/videos/1f18444f-f4a1-40c0-9277-2a93348b69a1/5456_1_jf6155-0-0.mp4,1_jf6155-0-0---OT---5456---31638---0---0.mp4,ok,,105.664,105.564,105.664,1.001,
1_jf6154-0-0,5456,ot,31638,no_variant,f575b932-2a64-43af-9ab0-e5e50f0f3648,https://api-media-core.jesusfilm.org/1_jf6154-0-0/variants/5456/videos/da8e6be6-5665-4d8d-8202-083d0cd4447a/5456_1_jf6154-0-0.mp4,1_jf6154-0-0---OT---5456---31638---0---0.mp4,ok,,99.947,99.850,99.947,1.001,
1_jf6153-0-0,5456,ot,31638,no_variant,09f05ba7-b98f-4d5b-a44f-5474dbd6a30b,https://api-media-core.jesusfilm.org/1_jf6153-0-0/variants/5456/videos/cd6016b5-4cfd-4514-8f0f-ddda9e0393a8/5456_1_jf6153-0-0.mp4,1_jf6153-0-0---OT---5456---31638---0---0.mp4,ok,,66.923,66.817,66.923,1.002,
1_jf6152-0-0,5456,ot,31638,no_variant,8fe0e4f1-8d90-4980-b702-53583ae214a0,https://api-media-core.jesusfilm.org/1_jf6152-0-0/variants/5456/videos/36fed371-6614-4ad9-8c79-544f7b797941/5456_1_jf6152-0-0.mp4,1_jf6152-0-0---OT---5456---31638---0---0.mp4,ok,,56.704,56.598,56.704,1.002,
1_jf6151-0-0,5456,ot,31638,no_variant,a703c35d-c1e8-4202-97cd-0d8630a6a7c5,https://api-media-core.jesusfilm.org/1_jf6151-0-0/variants/5456/videos/3bc4b9ca-a41f-41e5-896f-c7e6611c8890/5456_1_jf6151-0-0.mp4,1_jf6151-0-0---OT---5456---31638---0---0.mp4,ok,,168.981,168.877,168.981,1.001,
1_jf6150-0-0,5456,ot,31638,no_variant,08b040f9-eb93-47a0-a7ae-436d08e65a2d,https://api-media-core.jesusfilm.org/1_jf6150-0-0/variants/5456/videos/aba0596e-5a5c-4b30-9f98-4108061ab84e/5456_1_jf6150-0-0.mp4,1_jf6150-0-0---OT---5456---31638---0---0.mp4,ok,,214.315,214.214,214.315,1.000,
1_jf6149-0-0,5456,ot,31638,no_variant,f9e10223-ef87-4652-b10c-311747620b35,https://api-media-core.jesusfilm.org/1_jf6149-0-0/variants/5456/videos/87a063ec-688c-4a51-a78d-585c2a4f0251/5456_1_jf6149-0-0.mp4,1_jf6149-0-0---OT---5456---31638---0---0.mp4,ok,,176.683,176.593,176.683,1.001,
1_jf6148-0-0,5456,ot,31638,no_variant,97d1723e-00b4-468a-8c4d-0df0f5c4ba3d,https://api-media-core.jesusfilm.org/1_jf6148-0-0/variants/5456/videos/08b347b1-9aaa-460e-964a-0d5cf6564c96/5456_1_jf6148-0-0.mp4,1_jf6148-0-0---OT---5456---31638---0---0.mp4,ok,,84.309,84.209,84.309,1.001,
1_jf6147-0-0,5456,ot,31638,no_variant,e19ba78f-9bb3-4062-add9-b6777a8393ba,https://api-media-core.jesusfilm.org/1_jf6147-0-0/variants/5456/videos/82c8c0a2-5103-40fd-97bd-b9236ca238a2/5456_1_jf6147-0-0.mp4,1_jf6147-0-0---OT---5456---31638---0---0.mp4,ok,,103.787,103.687,103.787,1.001,
1_jf6146-0-0,5456,ot,31638,no_variant,4f35db87-ee18-45b7-b17e-1e38953f7716,https://api-media-core.jesusfilm.org/1_jf6146-0-0/variants/5456/videos/4fe98478-5925-4399-ad72-d5ec6a13c52d/5456_1_jf6146-0-0.mp4,1_jf6146-0-0---OT---5456---31638---0---0.mp4,ok,,118.293,118.201,118.293,1.001,
1_jf6145-0-0,5456,ot,31638,no_variant,4add726c-11ae-4010-aa54-3c1805e57180,https://api-media-core.jesusfilm.org/1_jf6145-0-0/variants/5456/videos/d3fb85f4-4802-4d78-b0ac-e65fa66d7bf0/5456_1_jf6145-0-0.mp4,1_jf6145-0-0---OT---5456---31638---0---0.mp4,ok,,143.573,143.477,143.573,1.001,
1_jf6144-0-0,5456,ot,31638,no_variant,be278050-d20a-444b-aed6-c5d37749b9de,https://api-media-core.jesusfilm.org/1_jf6144-0-0/variants/5456/videos/d0703763-2e27-4f7d-a536-9e30533310de/5456_1_jf6144-0-0.mp4,1_jf6144-0-0---OT---5456---31638---0---0.mp4,ok,,262.656,262.554,262.656,1.000,
1_jf6143-0-0,5456,ot,31638,no_variant,b83da562-c526-47f7-a388-5174650228a5,https://api-media-core.jesusfilm.org/1_jf6143-0-0/variants/5456/videos/0a1e9fd8-9aa0-4203-b0b7-10800b21e52d/5456_1_jf6143-0-0.mp4,1_jf6143-0-0---OT---5456---31638---0---0.mp4,ok,,149.163,149.066,149.163,1.001,
1_jf6142-0-0,5456,ot,31638,no_variant,25359eb6-d12c-4f43-b58c-75f73a957f98,https://api-media-core.jesusfilm.org/1_jf6142-0-0/variants/5456/videos/a889da68-234b-4969-83fb-d4c79a6a0f92/5456_1_jf6142-0-0.mp4,1_jf6142-0-0---OT---5456---31638---0---0.mp4,ok,,175.317,175.217,175.317,1.001,
1_jf6141-0-0,5456,ot,31638,no_variant,f7718407-a6d5-4ad5-a1d3-0f03f824f3b3,https://api-media-core.jesusfilm.org/1_jf6141-0-0/variants/5456/videos/10c87463-7064-433d-862d-a160d1001c4d/5456_1_jf6141-0-0.mp4,1_jf6141-0-0---OT---5456---31638---0---0.mp4,ok,,58.069,57.975,58.069,1.002,
1_jf6140-0-0,5456,ot,31638,no_variant,8584ce13-edc6-40f1-b7be-9926570b54b4,https://api-media-core.jesusfilm.org/1_jf6140-0-0/variants/5456/videos/ccd06f14-2b2a-40e9-98f6-7b6c9b2a6150/5456_1_jf6140-0-0.mp4,1_jf6140-0-0---OT---5456---31638---0---0.mp4,ok,,110.464,110.360,110.464,1.001,
1_jf6139-0-0,5456,ot,31638,no_variant,1ed85f85-b161-4516-861f-c14caa02e1ac,https://api-media-core.jesusfilm.org/1_jf6139-0-0/variants/5456/videos/3d7ca641-f537-438c-b1c8-1d5a15b533f1/5456_1_jf6139-0-0.mp4,1_jf6139-0-0---OT---5456---31638---0---0.mp4,ok,,59.541,59.434,59.541,1.002,
1_jf6138-0-0,5456,ot,31638,no_variant,9e6d0fe3-e28f-407d-bd97-e194eb980219,https://api-media-core.jesusfilm.org/1_jf6138-0-0/variants/5456/videos/16504750-0438-48df-a64f-6cb15eeeba6e/5456_1_jf6138-0-0.mp4,1_jf6138-0-0---OT---5456---31638---0---0.mp4,ok,,45.760,45.671,45.760,1.002,
1_jf6137-0-0,5456,ot,31638,no_variant,9dc5df81-fb96-445d-894f-114984fc7331,https://api-media-core.jesusfilm.org/1_jf6137-0-0/variants/5456/videos/a35bdc3d-1a3b-4a9d-8d2c-cb1e09dd2dfb/5456_1_jf6137-0-0.mp4,1_jf6137-0-0---OT---5456---31638---0---0.mp4,ok,,111.829,111.737,111.829,1.001,
1_jf6136-0-0,5456,ot,31638,no_variant,b6a71b48-46d9-4bb0-b5af-070c28423f4d,https://api-media-core.jesusfilm.org/1_jf6136-0-0/variants/5456/videos/e0c31563-cfa2-4e3d-9811-624c94e56b38/5456_1_jf6136-0-0.mp4,1_jf6136-0-0---OT---5456---31638---0---0.mp4,ok,,60.288,60.185,60.288,1.002,
1_jf6135-0-0,5456,ot,31638,no_variant,0a2a8d20-8970-425c-8f50-2df0536b3a27,https://api-media-core.jesusfilm.org/1_jf6135-0-0/variants/5456/videos/f53bfcec-df4d-4dd6-b936-218dc2407ffe/5456_1_jf6135-0-0.mp4,1_jf6135-0-0---OT---5456---31638---0---0.mp4,ok,,70.464,70.362,70.464,1.001,
1_jf6134-0-0,5456,ot,31638,no_variant,085d1bfa-ac7b-495f-a584-a5e81d0c0ef8,https://api-media-core.jesusfilm.org/1_jf6134-0-0/variants/5456/videos/1ce56b1a-d320-47ec-b127-dcf8398e4395/5456_1_jf6134-0-0.mp4,1_jf6134-0-0---OT---5456---31638---0---0.mp4,ok,,42.091,42.000,42.091,1.002,
1_jf6133-0-0,5456,ot,31638,no_variant,1314c419-4da0-4209-b5b3-f1a2ad781dac,https://api-media-core.jesusfilm.org/1_jf6133-0-0/variants/5456/videos/eb90d41a-4028-4f99-94b1-e1658727e66c/5456_1_jf6133-0-0.mp4,1_jf6133-0-0---OT---5456---31638---0---0.mp4,ok,,141.781,141.683,141.781,1.001,
1_jf6132-0-0,5456,ot,31638,no_variant,08487755-fc01-4f89-87c1-ca746088f175,https://api-media-core.jesusfilm.org/1_jf6132-0-0/variants/5456/videos/63df6a08-b72d-4aab-93c9-35f0e7f9e77b/5456_1_jf6132-0-0.mp4,1_jf6132-0-0---OT---5456---31638---0---0.mp4,ok,,104.619,104.521,104.619,1.001,
1_jf6131-0-0,5456,ot,31638,no_variant,0cf7bd25-5b3a-4bfc-963a-da9d9a5e679d,https://api-media-core.jesusfilm.org/1_jf6131-0-0/variants/5456/videos/ba142066-9c01-4fbd-bc67-54439d887c14/5456_1_jf6131-0-0.mp4,1_jf6131-0-0---OT---5456---31638---0---0.mp4,ok,,98.112,98.015,98.112,1.001,
1_jf6130-0-0,5456,ot,31638,no_variant,edf4beec-8ccc-4316-ac13-441fd997d92e,https://api-media-core.jesusfilm.org/1_jf6130-0-0/variants/5456/videos/82be7c31-a5b5-4a6b-b699-7d9f326a3f96/5456_1_jf6130-0-0.mp4,1_jf6130-0-0---OT---5456---31638---0---0.mp4,ok,,117.205,117.117,117.205,1.001,
1_jf6129-0-0,5456,ot,31638,no_variant,16b9f476-4f16-448a-9a92-27aaf9e7e991,https://api-media-core.jesusfilm.org/1_jf6129-0-0/variants/5456/videos/b2dfa5bc-b909-40f0-9605-6b01d7bc35de/5456_1_jf6129-0-0.mp4,1_jf6129-0-0---OT---5456---31638---0---0.mp4,ok,,29.547,29.446,29.547,1.003,
1_jf6128-0-0,5456,ot,31638,no_variant,0a4e4ac7-b0b6-4c72-ad79-6d2c7a148d91,https://api-media-core.jesusfilm.org/1_jf6128-0-0/variants/5456/videos/f3b5c0e3-e455-4879-aaf2-55d25bf197d2/5456_1_jf6128-0-0.mp4,1_jf6128-0-0---OT---5456---31638---0---0.mp4,ok,,28.117,28.028,28.117,1.003,
1_jf6127-0-0,5456,ot,31638,no_variant,87a37e76-550c-42f0-bfc9-cab28ea8d926,https://api-media-core.jesusfilm.org/1_jf6127-0-0/variants/5456/videos/31b2dadc-823b-442c-aba2-573172ab99a9/5456_1_jf6127-0-0.mp4,1_jf6127-0-0---OT---5456---31638---0---0.mp4,ok,,54.933,54.846,54.933,1.002,
1_jf6126-0-0,5456,ot,31638,no_variant,59370415-c1df-43af-8d46-18985c1ca2dc,https://api-media-core.jesusfilm.org/1_jf6126-0-0/variants/5456/videos/86bbc0ed-4244-4e69-be49-0fab9d799764/5456_1_jf6126-0-0.mp4,1_jf6126-0-0---OT---5456---31638---0---0.mp4,ok,,143.787,143.685,143.787,1.001,
1_jf6125-0-0,5456,ot,31638,no_variant,145778f5-a08c-4b1f-aacb-0928d35b7dde,https://api-media-core.jesusfilm.org/1_jf6125-0-0/variants/5456/videos/4609c2b9-4740-4d25-8761-5ba326cd4c89/5456_1_jf6125-0-0.mp4,1_jf6125-0-0---OT---5456---31638---0---0.mp4,ok,,57.621,57.516,57.621,1.002,
1_jf6124-0-0,5456,ot,31638,no_variant,4e6a0c4b-7069-489a-b618-1383ccaed4e2,https://api-media-core.jesusfilm.org/1_jf6124-0-0/variants/5456/videos/199ce53f-4aec-4fed-afa6-362ab98abee6/5456_1_jf6124-0-0.mp4,1_jf6124-0-0---OT---5456---31638---0---0.mp4,ok,,135.317,135.218,135.317,1.001,
1_jf6123-0-0,5456,ot,31638,no_variant,8557d914-3b57-42ba-b206-d96b3d4bcce1,https://api-media-core.jesusfilm.org/1_jf6123-0-0/variants/5456/videos/f02117e1-d60e-413c-8f46-9d9c3b94db02/5456_1_jf6123-0-0.mp4,1_jf6123-0-0---OT---5456---31638---0---0.mp4,ok,,105.493,105.397,105.493,1.001,
1_jf6122-0-0,5456,ot,31638,no_variant,e1740a72-8378-4c89-811a-eb7941ef4ae1,https://api-media-core.jesusfilm.org/1_jf6122-0-0/variants/5456/videos/42aa0276-ce80-4da5-9dde-d76bdffb6c47/5456_1_jf6122-0-0.mp4,1_jf6122-0-0---OT---5456---31638---0---0.mp4,ok,,83.691,83.584,83.691,1.001,
1_jf6121-0-0,5456,ot,31638,no_variant,98dc5960-7600-4d21-aaae-20086914dbb7,https://api-media-core.jesusfilm.org/1_jf6121-0-0/variants/5456/videos/27e52f31-1885-4785-b4e3-0b573eb15e02/5456_1_jf6121-0-0.mp4,1_jf6121-0-0---OT---5456---31638---0---0.mp4,ok,,149.867,149.775,149.867,1.001,
1_jf6120-0-0,5456,ot,31638,no_variant,140a2a08-b840-484b-b094-54ea1cbacfae,https://api-media-core.jesusfilm.org/1_jf6120-0-0/variants/5456/videos/84110daf-79ac-4979-8075-736bd171e0f8/5456_1_jf6120-0-0.mp4,1_jf6120-0-0---OT---5456---31638---0---0.mp4,ok,,136.235,136.136,136.235,1.001,
1_jf6119-0-0,5456,ot,31638,no_variant,abeecc6c-8098-4232-9f37-f5af43d9bfae,https://api-media-core.jesusfilm.org/1_jf6119-0-0/variants/5456/videos/d8e15c4b-c060-446b-accc-1a591abb5de5/5456_1_jf6119-0-0.mp4,1_jf6119-0-0---OT---5456---31638---0---0.mp4,ok,,118.635,118.535,118.635,1.001,
1_jf6118-0-0,5456,ot,31638,no_variant,48943c4c-ed59-4895-b584-e8c2b43739fe,https://api-media-core.jesusfilm.org/1_jf6118-0-0/variants/5456/videos/19a1ff22-b63c-4fe3-8971-485023858b73/5456_1_jf6118-0-0.mp4,1_jf6118-0-0---OT---5456---31638---0---0.mp4,ok,,55.893,55.806,55.893,1.002,
1_jf6117-0-0,5456,ot,31638,no_variant,0b454b3f-ad27-466e-8f19-a29551e2acdc,https://api-media-core.jesusfilm.org/1_jf6117-0-0/variants/5456/videos/6e926037-c9da-4c74-ae20-8195b8462667/5456_1_jf6117-0-0.mp4,1_jf6117-0-0---OT---5456---31638---0---0.mp4,ok,,138.368,138.263,138.368,1.001,
1_jf6116-0-0,5456,ot,31638,no_variant,b389496d-7554-4b6e-b47e-f03b83c8692c,https://api-media-core.jesusfilm.org/1_jf6116-0-0/variants/5456/videos/65ba5e87-b381-44d1-be28-9fd7a1dee42f/5456_1_jf6116-0-0.mp4,1_jf6116-0-0---OT---5456---31638---0---0.mp4,ok,,116.288,116.199,116.288,1.001,
1_jf6115-0-0,5456,ot,31638,no_variant,e6782c6b-96ab-4f3c-a4c2-46b03dd37d5b,https://api-media-core.jesusfilm.org/1_jf6115-0-0/variants/5456/videos/fba6e9b4-1936-4b79-8e07-3da3e1667016/5456_1_jf6115-0-0.mp4,1_jf6115-0-0---OT---5456---31638---0---0.mp4,ok,,43.648,43.544,43.648,1.002,
1_jf6114-0-0,5456,ot,31638,no_variant,74e8e95a-00f7-46f1-8807-b42c7117d581,https://api-media-core.jesusfilm.org/1_jf6114-0-0/variants/5456/videos/1baf3d27-8de0-4277-8758-6d9a5276ecbb/5456_1_jf6114-0-0.mp4,1_jf6114-0-0---OT---5456---31638---0---0.mp4,ok,,176.853,176.760,176.853,1.001,
1_jf6113-0-0,5456,ot,31638,no_variant,72fd3247-d29e-49d6-9940-b36cb8f11282,https://api-media-core.jesusfilm.org/1_jf6113-0-0/variants/5456/videos/da28be7d-3374-424f-9bd9-0cb3c5a0b7ab/5456_1_jf6113-0-0.mp4,1_jf6113-0-0---OT---5456---31638---0---0.mp4,ok,,19.157,19.061,19.157,1.005,
1_jf6112-0-0,5456,ot,31638,no_variant,16d40177-a77f-4030-96f9-00c18a00845c,https://api-media-core.jesusfilm.org/1_jf6112-0-0/variants/5456/videos/193e8a92-43f6-461b-a979-401938ba0302/5456_1_jf6112-0-0.mp4,1_jf6112-0-0---OT---5456---31638---0---0.mp4,ok,,218.944,218.844,218.944,1.000,
1_jf6111-0-0,5456,ot,31638,no_variant,e83119a3-2913-4d71-9926-2cbf61be3006,https://api-media-core.jesusfilm.org/1_jf6111-0-0/variants/5456/videos/b6825bdc-5ff8-470f-99c8-292293c30a84/5456_1_jf6111-0-0.mp4,1_jf6111-0-0---OT---5456---31638---0---0.mp4,ok,,62.656,62.563,62.656,1.001,
1_jf6110-0-0,5456,ot,31638,no_variant,76971233-5342-4ba8-b9db-c1e1c0e0989d,https://api-media-core.jesusfilm.org/1_jf6110-0-0/variants/5456/videos/5a7c809c-6811-484a-bd3c-f888ae4c4b55/5456_1_jf6110-0-0.mp4,1_jf6110-0-0---OT---5456---31638---0---0.mp4,ok,,190.741,190.649,190.741,1.000,
1_jf6109-0-0,5456,ot,31638,no_variant,638e7983-7338-45d5-8ca0-0432aab6e8e7,https://api-media-core.jesusfilm.org/1_jf6109-0-0/variants/5456/videos/c07807e3-6847-4033-98e4-79089adc6b95/5456_1_jf6109-0-0.mp4,1_jf6109-0-0---OT---5456---31638---0---0.mp4,ok,,134.848,134.760,134.848,1.001,
1_jf6108-0-0,5456,ot,31638,no_variant,1cb77fbf-21ab-4fe0-8ad2-33c3d205e1c2,https://api-media-core.jesusfilm.org/1_jf6108-0-0/variants/5456/videos/2b7876f7-c3b6-4731-9e28-874d543bfc58/5456_1_jf6108-0-0.mp4,1_jf6108-0-0---OT---5456---31638---0---0.mp4,ok,,121.472,121.371,121.472,1.001,
1_jf6107-0-0,5456,ot,31638,no_variant,775be08b-1107-4b35-962e-8cc5961849e0,https://api-media-core.jesusfilm.org/1_jf6107-0-0/variants/5456/videos/5b113afa-27ac-42d2-ba52-daf23051f309/5456_1_jf6107-0-0.mp4,1_jf6107-0-0---OT---5456---31638---0---0.mp4,ok,,62.123,62.020,62.123,1.002,
1_jf6106-0-0,5456,ot,31638,no_variant,a4c411e8-41ed-42c4-a9db-ee9b9a403649,https://api-media-core.jesusfilm.org/1_jf6106-0-0/variants/5456/videos/9f5efdfc-fba6-4a5b-894c-15a8f1d9d362/5456_1_jf6106-0-0.mp4,1_jf6106-0-0---OT---5456---31638---0---0.mp4,ok,,187.243,187.145,187.243,1.001,
1_jf6105-0-0,5456,ot,31638,no_variant,b25232e1-aa06-4fd2-884a-2168bf214bf3,https://api-media-core.jesusfilm.org/1_jf6105-0-0/variants/5456/videos/4d53b735-039d-43a3-8fb7-94fb0ffb769e/5456_1_jf6105-0-0.mp4,1_jf6105-0-0---OT---5456---31638---0---0.mp4,ok,,142.037,141.933,142.037,1.001,
1_jf6104-0-0,5456,ot,31638,no_variant,ce389355-5ce8-492a-a90b-a3eb3b670985,https://api-media-core.jesusfilm.org/1_jf6104-0-0/variants/5456/videos/6adcf451-07a4-44e3-9f3b-4c455de518fe/5456_1_jf6104-0-0.mp4,1_jf6104-0-0---OT---5456---31638---0---0.mp4,ok,,227.200,227.102,227.200,1.000,
1_jf6103-0-0,5456,ot,31638,no_variant,bc457b41-4593-4445-99b5-80ecc257c459,https://api-media-core.jesusfilm.org/1_jf6103-0-0/variants/5456/videos/7e58b971-43da-45bb-8446-4b2a056268a3/5456_1_jf6103-0-0.mp4,1_jf6103-0-0---OT---5456---31638---0---0.mp4,ok,,135.232,135.135,135.232,1.001,
1_jf6102-0-0,5456,ot,31638,no_variant,5b1ea757-fb95-44c7-b7d6-ecf9676984a9,https://api-media-core.jesusfilm.org/1_jf6102-0-0/variants/5456/videos/28c45fe8-ea78-43f3-9679-1f5cb86a92e0/5456_1_jf6102-0-0.mp4,1_jf6102-0-0---OT---5456---31638---0---0.mp4,ok,,222.955,222.848,222.955,1.000,
1_jf6101-0-0,5456,ot,31638,no_variant,22bfd41e-d74e-44f9-95d4-e8b6e1f2ad33,https://api-media-core.jesusfilm.org/1_jf6101-0-0/variants/5456/videos/39d394db-46af-40cc-befa-52bf40e45659/5456_1_jf6101-0-0.mp4,1_jf6101-0-0---OT---5456---31638---0---0.mp4,ok,,488.085,487.946,488.085,1.000,
1_jf-0-0,5456,ot,31638,no_variant,e30b19a7-ffe1-4087-b921-d8ced197a6bf,https://api-media-core.jesusfilm.org/1_jf-0-0/variants/5456/videos/99944c9e-0041-4d16-9945-1b008c310cde/5456_1_jf-0-0.mp4,1_jf-0-0---OT---5456---31638---0---0.mp4,ok,,7673.728,7673.666,7673.728,1.000,
1_jf6161-0-0,19191,ot,34503,no_variant,71771c49-b41e-452a-839c-939d5129e983,https://api-media-core.jesusfilm.org/1_jf6161-0-0/variants/19191/videos/18efb1d5-35b7-4c4e-9540-423a5e508600/19191_1_jf6161-0-0.mp4,1_jf6161-0-0---OT---19191---34503---0---0.mp4,ok,,340.565,340.507,340.565,1.000,
1_jf6160-0-0,19191,ot,34503,no_variant,1508b450-7146-4a79-b128-1be2fe17969e,https://api-media-core.jesusfilm.org/1_jf6160-0-0/variants/19191/videos/bda05c76-ffcc-4aca-981a-b443fcb9dea2/19191_1_jf6160-0-0.mp4,1_jf6160-0-0---OT---19191---34503---0---0.mp4,ok,,75.925,75.826,75.925,1.001,
1_jf6159-0-0,19191,ot,34503,no_variant,607f238b-ad19-4c5f-b24f-7adc01c9f7d8,https://api-media-core.jesusfilm.org/1_jf6159-0-0/variants/19191/videos/83fe2412-65be-4d68-8419-5ca64cab3921/19191_1_jf6159-0-0.mp4,1_jf6159-0-0---OT---19191---34503---0---0.mp4,ok,,115.584,115.490,115.584,1.001,
1_jf6158-0-0,19191,ot,34503,no_variant,b8cc4824-8df2-45ba-bca2-a5a9fabfee65,https://api-media-core.jesusfilm.org/1_jf6158-0-0/variants/19191/videos/512eef10-2a4d-42e3-8efd-c87decbe7b3e/19191_1_jf6158-0-0.mp4,1_jf6158-0-0---OT---19191---34503---0---0.mp4,ok,,82.432,82.332,82.432,1.001,
1_jf6157-0-0,19191,ot,34503,no_variant,aaf5ec97-e92d-48be-a9e7-e962ecef61b0,https://api-media-core.jesusfilm.org/1_jf6157-0-0/variants/19191/videos/879d9664-1f12-48a5-88b9-6390fcdb795a/19191_1_jf6157-0-0.mp4,1_jf6157-0-0---OT---19191---34503---0---0.mp4,ok,,88.597,88.505,88.597,1.001,
1_jf6156-0-0,19191,ot,34503,no_variant,53217383-6997-4498-ae4a-4c41a7f93952,https://api-media-core.jesusfilm.org/1_jf6156-0-0/variants/19191/videos/23ed3ffd-df77-4cbd-946f-d68bdf59a8d8/19191_1_jf6156-0-0.mp4,1_jf6156-0-0---OT---19191---34503---0---0.mp4,ok,,120.597,120.495,120.597,1.001,
1_jf6155-0-0,19191,ot,34503,no_variant,51108be1-f9b4-4b7f-8cf3-1e5769fa55de,https://api-media-core.jesusfilm.org/1_jf6155-0-0/variants/19191/videos/50c15a42-cef7-4250-a301-e3d23b0a883c/19191_1_jf6155-0-0.mp4,1_jf6155-0-0---OT---19191---34503---0---0.mp4,ok,,105.664,105.564,105.664,1.001,
1_jf6154-0-0,19191,ot,34503,no_variant,525fa822-f1d8-4def-a41e-6aec82d0362f,https://api-media-core.jesusfilm.org/1_jf6154-0-0/variants/19191/videos/0a3389ce-0214-47fc-88e8-82e1454a5279/19191_1_jf6154-0-0.mp4,1_jf6154-0-0---OT---19191---34503---0---0.mp4,ok,,99.947,99.850,99.947,1.001,
1_jf6153-0-0,19191,ot,34503,no_variant,54565c37-61de-4cae-9015-8e49c7244e73,https://api-media-core.jesusfilm.org/1_jf6153-0-0/variants/19191/videos/1e8b6888-3de9-4009-ac16-d837f07e4b80/19191_1_jf6153-0-0.mp4,1_jf6153-0-0---OT---19191---34503---0---0.mp4,ok,,66.923,66.817,66.923,1.002,
1_jf6152-0-0,19191,ot,34503,no_variant,e08c457a-0051-4e7b-ba1a-6ea80de7fb71,https://api-media-core.jesusfilm.org/1_jf6152-0-0/variants/19191/videos/09c62c8d-11bf-4057-9dfc-9e846ac51449/19191_1_jf6152-0-0.mp4,1_jf6152-0-0---OT---19191---34503---0---0.mp4,ok,,56.704,56.598,56.704,1.002,
1_jf6151-0-0,19191,ot,34503,no_variant,bc55ba48-b603-4780-83ec-2adc21bbbc57,https://api-media-core.jesusfilm.org/1_jf6151-0-0/variants/19191/videos/208e9a0b-08c3-42e5-a6b0-bbd638b306d4/19191_1_jf6151-0-0.mp4,1_jf6151-0-0---OT---19191---34503---0---0.mp4,ok,,168.981,168.877,168.981,1.001,
1_jf6150-0-0,19191,ot,34503,no_variant,63a124ae-a35e-4d5c-804e-8ca8ac80cfb1,https://api-media-core.jesusfilm.org/1_jf6150-0-0/variants/19191/videos/5086aed8-f0ca-43cb-bffa-9a1e9fc1f6b0/19191_1_jf6150-0-0.mp4,1_jf6150-0-0---OT---19191---34503---0---0.mp4,ok,,214.315,214.214,214.315,1.000,
1_jf6149-0-0,19191,ot,34503,no_variant,1c9d99f1-6362-4efa-afa0-2a62d0bae9d8,https://api-media-core.jesusfilm.org/1_jf6149-0-0/variants/19191/videos/21514c20-49f6-4bd3-8f82-2f1217921cb0/19191_1_jf6149-0-0.mp4,1_jf6149-0-0---OT---19191---34503---0---0.mp4,ok,,176.683,176.593,176.683,1.001,
1_jf6148-0-0,19191,ot,34503,no_variant,a6d55f6b-65b4-46f8-ba8e-d22ada9819a3,https://api-media-core.jesusfilm.org/1_jf6148-0-0/variants/19191/videos/e6a5a459-6392-47a1-b68e-77d80b7504f1/19191_1_jf6148-0-0.mp4,1_jf6148-0-0---OT---19191---34503---0---0.mp4,ok,,84.309,84.209,84.309,1.001,
1_jf6147-0-0,19191,ot,34503,no_variant,328736a8-cd5f-438d-b37e-d7ce686ae874,https://api-media-core.jesusfilm.org/1_jf6147-0-0/variants/19191/videos/cc399643-b20a-417e-ac92-6e7102122d5b/19191_1_jf6147-0-0.mp4,1_jf6147-0-0---OT---19191---34503---0---0.mp4,ok,,103.787,103.687,103.787,1.001,
1_jf6146-0-0,19191,ot,34503,no_variant,40c826e4-6ce5-4c88-a329-964ee6417443,https://api-media-core.jesusfilm.org/1_jf6146-0-0/variants/19191/videos/5cd086ca-95b2-479b-9937-e1f88a74dae9/19191_1_jf6146-0-0.mp4,1_jf6146-0-0---OT---19191---34503---0---0.mp4,ok,,118.293,118.201,118.293,1.001,
1_jf6145-0-0,19191,ot,34503,no_variant,4399f709-0d27-4a20-be50-0e94a56709d1,https://api-media-core.jesusfilm.org/1_jf6145-0-0/variants/19191/videos/3d0d5bf9-63e6-4b95-9e43-73034fe94dad/19191_1_jf6145-0-0.mp4,1_jf6145-0-0---OT---19191---34503---0---0.mp4,ok,,143.573,143.477,143.573,1.001,
1_jf6144-0-0,19191,ot,34503,no_variant,7d1a85db-307e-406e-8710-67254e32339e,https://api-media-core.jesusfilm.org/1_jf6144-0-0/variants/19191/videos/4c3c355e-6d23-4f14-8cf4-62f04236db59/19191_1_jf6144-0-0.mp4,1_jf6144-0-0---OT---19191---34503---0---0.mp4,ok,,262.656,262.554,262.656,1.000,
1_jf6143-0-0,19191,ot,34503,no_variant,b3ef271e-6779-4c25-8667-f295e4031c5c,https://api-media-core.jesusfilm.org/1_jf6143-0-0/variants/19191/videos/d3b09397-853a-44c0-ab7d-77b1049f1a46/19191_1_jf6143-0-0.mp4,1_jf6143-0-0---OT---19191---34503---0---0.mp4,ok,,149.163,149.066,149.163,1.001,
1_jf6142-0-0,19191,ot,34503,no_variant,5cfeb39a-41d2-40d3-bed5-fee106e3321a,https://api-media-core.jesusfilm.org/1_jf6142-0-0/variants/19191/videos/b73471ce-b461-4b3b-9a04-bcf6076ae882/19191_1_jf6142-0-0.mp4,1_jf6142-0-0---OT---19191---34503---0---0.mp4,ok,,175.317,175.217,175.317,1.001,
1_jf6141-0-0,19191,ot,34503,no_variant,2dca99e1-1913-41f6-8b2b-5354c276c2c7,https://api-media-core.jesusfilm.org/1_jf6141-0-0/variants/19191/videos/a1eff1d2-a6b3-44e3-b27f-7a8f4fda8e3b/19191_1_jf6141-0-0.mp4,1_jf6141-0-0---OT---19191---34503---0---0.mp4,ok,,58.069,57.975,58.069,1.002,
1_jf6140-0-0,19191,ot,34503,no_variant,e5700d3e-2a4a-43ba-afec-7c48e85b6487,https://api-media-core.jesusfilm.org/1_jf6140-0-0/variants/19191/videos/521773b6-8f89-4154-be9c-f3729369740d/19191_1_jf6140-0-0.mp4,1_jf6140-0-0---OT---19191---34503---0---0.mp4,ok,,110.464,110.360,110.464,1.001,
1_jf6139-0-0,19191,ot,34503,no_variant,8abd5603-f4fb-4042-9225-e307f4b9c6f8,https://api-media-core.jesusfilm.org/1_jf6139-0-0/variants/19191/videos/cf3d91e1-98b0-4ade-9a55-5b348c31e755/19191_1_jf6139-0-0.mp4,1_jf6139-0-0---OT---19191---34503---0---0.mp4,ok,,59.541,59.434,59.541,1.002,
1_jf6138-0-0,19191,ot,34503,no_variant,0636f9c4-99c2-49ba-885e-c28365f198c4,https://api-media-core.jesusfilm.org/1_jf6138-0-0/variants/19191/videos/89263573-2314-4993-ab72-eca8121c8132/19191_1_jf6138-0-0.mp4,1_jf6138-0-0---OT---19191---34503---0---0.mp4,ok,,45.760,45.671,45.760,1.002,
1_jf6137-0-0,19191,ot,34503,no_variant,ae6b50b4-4f45-449b-bbb2-76e3e9569112,https://api-media-core.jesusfilm.org/1_jf6137-0-0/variants/19191/videos/693ab247-8f4d-4805-bdf7-19fae71b4235/19191_1_jf6137-0-0.mp4,1_jf6137-0-0---OT---19191---34503---0---0.mp4,ok,,111.829,111.737,111.829,1.001,
1_jf6136-0-0,19191,ot,34503,no_variant,a5de5f23-1fa8-4ba9-8b41-f5f549debd0c,https://api-media-core.jesusfilm.org/1_jf6136-0-0/variants/19191/videos/f2fca28e-a3a7-4222-a451-99ba081a9aa3/19191_1_jf6136-0-0.mp4,1_jf6136-0-0---OT---19191---34503---0---0.mp4,ok,,60.288,60.185,60.288,1.002,
1_jf6135-0-0,19191,ot,34503,no_variant,508b692f-6c23-4685-a714-23ae5036e754,https://api-media-core.jesusfilm.org/1_jf6135-0-0/variants/19191/videos/0dfc1ed7-cb39-4818-8141-3900fb5e1c4a/19191_1_jf6135-0-0.mp4,1_jf6135-0-0---OT---19191---34503---0---0.mp4,ok,,70.464,70.362,70.464,1.001,
1_jf6134-0-0,19191,ot,34503,no_variant,dd1d6785-9331-4971-9c70-f02201097e62,https://api-media-core.jesusfilm.org/1_jf6134-0-0/variants/19191/videos/5492be71-a5e2-418c-8971-a7b2e19f3e42/19191_1_jf6134-0-0.mp4,1_jf6134-0-0---OT---19191---34503---0---0.mp4,ok,,42.091,42.000,42.091,1.002,
1_jf6133-0-0,19191,ot,34503,no_variant,3e268a94-0a45-4128-b98d-de2f60af8811,https://api-media-core.jesusfilm.org/1_jf6133-0-0/variants/19191/videos/03f5d248-3097-49e4-905c-b66f77418e69/19191_1_jf6133-0-0.mp4,1_jf6133-0-0---OT---19191---34503---0---0.mp4,ok,,141.781,141.683,141.781,1.001,
1_jf6132-0-0,19191,ot,34503,no_variant,166c1275-67e5-42b8-8dcd-37c207416c91,https://api-media-core.jesusfilm.org/1_jf6132-0-0/variants/19191/videos/6f89466f-18e0-4d68-ad19-16eaf4163fbc/19191_1_jf6132-0-0.mp4,1_jf6132-0-0---OT---19191---34503---0---0.mp4,ok,,104.619,104.521,104.619,1.001,
1_jf6131-0-0,19191,ot,34503,no_variant,a8397cd5-8bca-4102-8000-dd9e16acc095,https://api-media-core.jesusfilm.org/1_jf6131-0-0/variants/19191/videos/65c81c49-672b-4ae2-a692-72cac6abee64/19191_1_jf6131-0-0.mp4,1_jf6131-0-0---OT---19191---34503---0---0.mp4,ok,,98.112,98.015,98.112,1.001,
1_jf6130-0-0,19191,ot,34503,no_variant,3ecf5a8c-67e5-4e1f-9f21-dfa533878af8,https://api-media-core.jesusfilm.org/1_jf6130-0-0/variants/19191/videos/77d9d142-8629-4757-9931-74a6497e3854/19191_1_jf6130-0-0.mp4,1_jf6130-0-0---OT---19191---34503---0---0.mp4,ok,,117.205,117.117,117.205,1.001,
1_jf6129-0-0,19191,ot,34503,no_variant,836fa083-3850-4781-9e98-d8c4ac3fc113,https://api-media-core.jesusfilm.org/1_jf6129-0-0/variants/19191/videos/74e5febb-ef62-43a7-992b-00d88e3c5de4/19191_1_jf6129-0-0.mp4,1_jf6129-0-0---OT---19191---34503---0---0.mp4,ok,,29.547,29.446,29.547,1.003,
1_jf6128-0-0,19191,ot,34503,no_variant,d057a5d1-9149-4f6b-8038-5cbe2f244a0c,https://api-media-core.jesusfilm.org/1_jf6128-0-0/variants/19191/videos/07c2fd4e-0917-46f6-82a5-2cdd829a6a1c/19191_1_jf6128-0-0.mp4,1_jf6128-0-0---OT---19191---34503---0---0.mp4,ok,,28.117,28.028,28.117,1.003,
1_jf6127-0-0,19191,ot,34503,no_variant,a9b4b12b-d856-4ae0-97ea-fb8fe2906080,https://api-media-core.jesusfilm.org/1_jf6127-0-0/variants/19191/videos/ead31a30-9e00-4694-af94-75738614ac50/19191_1_jf6127-0-0.mp4,1_jf6127-0-0---OT---19191---34503---0---0.mp4,ok,,54.933,54.846,54.933,1.002,
1_jf6126-0-0,19191,ot,34503,no_variant,b98b5113-692e-4907-b6ce-1a48a855b24b,https://api-media-core.jesusfilm.org/1_jf6126-0-0/variants/19191/videos/db29b398-a6f1-4ea8-b85a-21041a3f7308/19191_1_jf6126-0-0.mp4,1_jf6126-0-0---OT---19191---34503---0---0.mp4,ok,,143.787,143.685,143.787,1.001,
1_jf6125-0-0,19191,ot,34503,no_variant,61decbd2-2bba-47b1-bdba-82bc426955ba,https://api-media-core.jesusfilm.org/1_jf6125-0-0/variants/19191/videos/1be5fb51-5cf1-4fc9-b794-8f71289b649c/19191_1_jf6125-0-0.mp4,1_jf6125-0-0---OT---19191---34503---0---0.mp4,ok,,57.621,57.516,57.621,1.002,
1_jf6124-0-0,19191,ot,34503,no_variant,041a4f0c-51f7-4fad-90db-feb86baddacb,https://api-media-core.jesusfilm.org/1_jf6124-0-0/variants/19191/videos/45759e91-37cb-4e3f-83ee-51e671dd99a4/19191_1_jf6124-0-0.mp4,1_jf6124-0-0---OT---19191---34503---0---0.mp4,ok,,135.317,135.218,135.317,1.001,
1_jf6123-0-0,19191,ot,34503,no_variant,1ab02db2-4b80-4238-bcdb-3a0e2e1cb3f3,https://api-media-core.jesusfilm.org/1_jf6123-0-0/variants/19191/videos/d040da7d-feb3-482a-88b5-4391f7fdf35c/19191_1_jf6123-0-0.mp4,1_jf6123-0-0---OT---19191---34503---0---0.mp4,ok,,105.493,105.397,105.493,1.001,
1_jf6122-0-0,19191,ot,34503,no_variant,90795bc3-2f39-4b2f-8fd7-643aae992ea3,https://api-media-core.jesusfilm.org/1_jf6122-0-0/variants/19191/videos/34f1a542-2dba-4a3c-92ee-12c1cc090dd3/19191_1_jf6122-0-0.mp4,1_jf6122-0-0---OT---19191---34503---0---0.mp4,ok,,83.691,83.584,83.691,1.001,
1_jf6121-0-0,19191,ot,34503,no_variant,65bcb894-e16a-4c39-b5ce-b653bf6b4f94,https://api-media-core.jesusfilm.org/1_jf6121-0-0/variants/19191/videos/64309b1a-e181-400c-9558-daf491afc995/19191_1_jf6121-0-0.mp4,1_jf6121-0-0---OT---19191---34503---0---0.mp4,ok,,149.867,149.775,149.867,1.001,
1_jf6120-0-0,19191,ot,34503,no_variant,2155a0f3-dee7-45be-9ac2-c024f01a086e,https://api-media-core.jesusfilm.org/1_jf6120-0-0/variants/19191/videos/1007054c-e839-4769-a430-1353aef33637/19191_1_jf6120-0-0.mp4,1_jf6120-0-0---OT---19191---34503---0---0.mp4,ok,,136.235,136.136,136.235,1.001,
1_jf6119-0-0,19191,ot,34503,no_variant,e503d32a-f59a-43fd-8711-53e387d5b809,https://api-media-core.jesusfilm.org/1_jf6119-0-0/variants/19191/videos/e5b5b80d-7558-46ea-b5b6-ed95970ab22d/19191_1_jf6119-0-0.mp4,1_jf6119-0-0---OT---19191---34503---0---0.mp4,ok,,118.635,118.535,118.635,1.001,
1_jf6118-0-0,19191,ot,34503,no_variant,8a853444-d504-4321-9708-0bf274334186,https://api-media-core.jesusfilm.org/1_jf6118-0-0/variants/19191/videos/d22a2188-6258-456c-b27e-efa6d9aab992/19191_1_jf6118-0-0.mp4,1_jf6118-0-0---OT---19191---34503---0---0.mp4,ok,,55.893,55.806,55.893,1.002,
1_jf6117-0-0,19191,ot,34503,no_variant,1571fa93-df6b-434f-a610-b243d7b2c918,https://api-media-core.jesusfilm.org/1_jf6117-0-0/variants/19191/videos/dfa27719-9d1c-4764-b825-e8f7493e71b3/19191_1_jf6117-0-0.mp4,1_jf6117-0-0---OT---19191---34503---0---0.mp4,ok,,138.368,138.263,138.368,1.001,
1_jf6116-0-0,19191,ot,34503,no_variant,22f79446-73af-493c-8663-cbe1c8cccc09,https://api-media-core.jesusfilm.org/1_jf6116-0-0/variants/19191/videos/abadcad5-ebcb-4f00-8062-9d2b75aa2dbb/19191_1_jf6116-0-0.mp4,1_jf6116-0-0---OT---19191---34503---0---0.mp4,ok,,116.288,116.199,116.288,1.001,
1_jf6115-0-0,19191,ot,34503,no_variant,0b90ee06-5ff0-435d-a00a-1f40dbf50f69,https://api-media-core.jesusfilm.org/1_jf6115-0-0/variants/19191/videos/da9011cb-4bb7-40e9-892b-a6216b98690d/19191_1_jf6115-0-0.mp4,1_jf6115-0-0---OT---19191---34503---0---0.mp4,ok,,43.648,43.544,43.648,1.002,
1_jf6114-0-0,19191,ot,34503,no_variant,26de6697-996b-43a3-9e48-78c1de5949e0,https://api-media-core.jesusfilm.org/1_jf6114-0-0/variants/19191/videos/e07268d5-83f0-4b8e-9784-88c218cf9d76/19191_1_jf6114-0-0.mp4,1_jf6114-0-0---OT---19191---34503---0---0.mp4,ok,,176.853,176.760,176.853,1.001,
1_jf6113-0-0,19191,ot,34503,no_variant,d1f17583-1169-43d3-bcd5-153e4e9de7cd,https://api-media-core.jesusfilm.org/1_jf6113-0-0/variants/19191/videos/adf89c03-ec93-4b25-af10-61f0945f0f2b/19191_1_jf6113-0-0.mp4,1_jf6113-0-0---OT---19191---34503---0---0.mp4,ok,,19.157,19.061,19.157,1.005,
1_jf6112-0-0,19191,ot,34503,no_variant,01d832f2-1d4e-4189-9a5f-1b9c6df726ea,https://api-media-core.jesusfilm.org/1_jf6112-0-0/variants/19191/videos/ca5fc8f5-853b-4c56-ab43-e4812c48c690/19191_1_jf6112-0-0.mp4,1_jf6112-0-0---OT---19191---34503---0---0.mp4,ok,,218.944,218.844,218.944,1.000,
1_jf6111-0-0,19191,ot,34503,no_variant,ed18b820-e7f8-4a1e-9f96-0359051d6846,https://api-media-core.jesusfilm.org/1_jf6111-0-0/variants/19191/videos/ce133aa0-56b3-4101-8431-7e9b230ec18d/19191_1_jf6111-0-0.mp4,1_jf6111-0-0---OT---19191---34503---0---0.mp4,ok,,62.656,62.563,62.656,1.001,
1_jf6110-0-0,19191,ot,34503,no_variant,640ba6b2-11d5-4698-ac0e-72d99b5f13ca,https://api-media-core.jesusfilm.org/1_jf6110-0-0/variants/19191/videos/179ab5b5-b9b0-47df-a8b3-5785e69e8859/19191_1_jf6110-0-0.mp4,1_jf6110-0-0---OT---19191---34503---0---0.mp4,ok,,190.741,190.649,190.741,1.000,
1_jf6109-0-0,19191,ot,34503,no_variant,9eb55777-7774-4dce-870e-500194c3d94d,https://api-media-core.jesusfilm.org/1_jf6109-0-0/variants/19191/videos/8c75a37d-3eeb-478d-ad39-7d8da5782995/19191_1_jf6109-0-0.mp4,1_jf6109-0-0---OT---19191---34503---0---0.mp4,ok,,134.848,134.760,134.848,1.001,
1_jf6108-0-0,19191,ot,34503,no_variant,7beb5381-272a-4c4e-a474-0f8f15ef2706,https://api-media-core.jesusfilm.org/1_jf6108-0-0/variants/19191/videos/ab02835e-83d6-4023-908f-da618796c699/19191_1_jf6108-0-0.mp4,1_jf6108-0-0---OT---19191---34503---0---0.mp4,ok,,121.472,121.371,121.472,1.001,
1_jf6107-0-0,19191,ot,34503,no_variant,f8ade26e-8bb6-490b-9b02-c906f156c2d1,https://api-media-core.jesusfilm.org/1_jf6107-0-0/variants/19191/videos/4d0080cb-8cce-4d38-81fd-b7bc5869dca6/19191_1_jf6107-0-0.mp4,1_jf6107-0-0---OT---19191---34503---0---0.mp4,ok,,62.123,62.020,62.123,1.002,
1_jf6106-0-0,19191,ot,34503,no_variant,c52eee88-9344-419f-8b32-882f8bc99262,https://api-media-core.jesusfilm.org/1_jf6106-0-0/variants/19191/videos/51152a6d-33d4-4eba-9a30-846d98cb2da0/19191_1_jf6106-0-0.mp4,1_jf6106-0-0---OT---19191---34503---0---0.mp4,ok,,187.243,187.145,187.243,1.001,
1_jf6105-0-0,19191,ot,34503,no_variant,9341b588-9a84-49c3-8737-ef1f93e5db5c,https://api-media-core.jesusfilm.org/1_jf6105-0-0/variants/19191/videos/af7fc169-fbbc-41b1-9d15-0ce45f171f4d/19191_1_jf6105-0-0.mp4,1_jf6105-0-0---OT---19191---34503---0---0.mp4,ok,,142.037,141.933,142.037,1.001,
1_jf6104-0-0,19191,ot,34503,no_variant,6d477000-ebd9-4dd3-9151-307f1d645bef,https://api-media-core.jesusfilm.org/1_jf6104-0-0/variants/19191/videos/6d1b04df-9064-43e4-b7d3-d6676086c4a0/19191_1_jf6104-0-0.mp4,1_jf6104-0-0---OT---19191---34503---0---0.mp4,ok,,227.200,227.102,227.200,1.000,
1_jf6103-0-0,19191,ot,34503,no_variant,29e688ee-7b9e-4905-8989-731fdd3fc17d,https://api-media-core.jesusfilm.org/1_jf6103-0-0/variants/19191/videos/df065382-da9e-461f-a882-a98d67401074/19191_1_jf6103-0-0.mp4,1_jf6103-0-0---OT---19191---34503---0---0.mp4,ok,,135.232,135.135,135.232,1.001,
1_jf6102-0-0,19191,ot,34503,no_variant,7d3a62df-ee75-4189-ae1c-81d8f17a1d36,https://api-media-core.jesusfilm.org/1_jf6102-0-0/variants/19191/videos/f7ae80cc-1aac-4e7e-a4a9-981e55c109ea/19191_1_jf6102-0-0.mp4,1_jf6102-0-0---OT---19191---34503---0---0.mp4,ok,,222.955,222.848,222.955,1.000,
1_jf6101-0-0,19191,ot,34503,no_variant,96dcc074-5a9d-4c9c-9a5d-cfb52d4fa2f2,https://api-media-core.jesusfilm.org/1_jf6101-0-0/variants/19191/videos/72b50e03-6fce-4305-9963-45ae8cdd617d/19191_1_jf6101-0-0.mp4,1_jf6101-0-0---OT---19191---34503---0---0.mp4,ok,,488.085,487.946,488.085,1.000,
1_jf-0-0,19191,ot,34503,no_variant,853823e4-957b-42ca-b59b-826061d01917,https://api-media-core.jesusfilm.org/1_jf-0-0/variants/19191/videos/c7ee2d55-699d-489e-8410-c610eddc71b7/19191_1_jf-0-0.mp4,1_jf-0-0---OT---19191---34503---0---0.mp4,ok,,7673.728,7673.666,7673.728,1.000,
1_jf6161-0-0,22679,ot,34622,no_variant,533f0017-4350-4356-a8ad-7c7b6baceeae,https://api-media-core.jesusfilm.org/1_jf6161-0-0/variants/22679/videos/94dc802d-3425-49e7-ab67-2c696bc472a7/22679_1_jf6161-0-0.mp4,1_jf6161-0-0---OT---22679---34622---0---0.mp4,ok,,340.565,340.507,340.565,1.000,
1_jf6160-0-0,22679,ot,34622,no_variant,458b45b7-f176-41d5-bd14-f62aa65091de,https://api-media-core.jesusfilm.org/1_jf6160-0-0/variants/22679/videos/9df3c9a3-2e5e-4df6-a160-1a34804dcd12/22679_1_jf6160-0-0.mp4,1_jf6160-0-0---OT---22679---34622---0---0.mp4,ok,,75.925,75.826,75.925,1.001,
1_jf6159-0-0,22679,ot,34622,no_variant,e8832668-dde1-40b8-866e-c3a4e7ac26d2,https://api-media-core.jesusfilm.org/1_jf6159-0-0/variants/22679/videos/00403007-26f4-4c31-b27c-b24adeab7531/22679_1_jf6159-0-0.mp4,1_jf6159-0-0---OT---22679---34622---0---0.mp4,ok,,115.584,115.490,115.584,1.001,
1_jf6158-0-0,22679,ot,34622,no_variant,b00888b2-0dd4-486e-8f5d-4b513272a44f,https://api-media-core.jesusfilm.org/1_jf6158-0-0/variants/22679/videos/b4901a3b-b891-42c3-83e0-e402b56371cb/22679_1_jf6158-0-0.mp4,1_jf6158-0-0---OT---22679---34622---0---0.mp4,ok,,82.432,82.332,82.432,1.001,
1_jf6157-0-0,22679,ot,34622,no_variant,96b9035e-5665-460b-9211-5aba5f230be8,https://api-media-core.jesusfilm.org/1_jf6157-0-0/variants/22679/videos/5e61f8e1-dfc0-48c4-95aa-695cd9d49af8/22679_1_jf6157-0-0.mp4,1_jf6157-0-0---OT---22679---34622---0---0.mp4,ok,,88.597,88.505,88.597,1.001,
1_jf6156-0-0,22679,ot,34622,no_variant,3b808ae5-5c3c-49d8-a491-45e8d67c04cd,https://api-media-core.jesusfilm.org/1_jf6156-0-0/variants/22679/videos/c211183b-4a9b-4f90-9fbd-4736f5c2b662/22679_1_jf6156-0-0.mp4,1_jf6156-0-0---OT---22679---34622---0---0.mp4,ok,,120.597,120.495,120.597,1.001,
1_jf6155-0-0,22679,ot,34622,no_variant,c967246f-e1e8-439e-9b18-6284425765be,https://api-media-core.jesusfilm.org/1_jf6155-0-0/variants/22679/videos/c158233f-b47d-4666-9052-3bea0f620a74/22679_1_jf6155-0-0.mp4,1_jf6155-0-0---OT---22679---34622---0---0.mp4,ok,,105.664,105.564,105.664,1.001,
1_jf6154-0-0,22679,ot,34622,no_variant,f4cd9897-84c1-41ea-b089-6f89ba774cd3,https://api-media-core.jesusfilm.org/1_jf6154-0-0/variants/22679/videos/96307b04-9474-4156-90d7-498016567012/22679_1_jf6154-0-0.mp4,1_jf6154-0-0---OT---22679---34622---0---0.mp4,ok,,99.947,99.850,99.947,1.001,
1_jf6153-0-0,22679,ot,34622,no_variant,ac50e95d-0a33-4a1a-b33d-bef56836764a,https://api-media-core.jesusfilm.org/1_jf6153-0-0/variants/22679/videos/01122751-9830-4602-a064-469eaebec896/22679_1_jf6153-0-0.mp4,1_jf6153-0-0---OT---22679---34622---0---0.mp4,ok,,66.923,66.817,66.923,1.002,
1_jf6152-0-0,22679,ot,34622,no_variant,15af083b-849e-4691-bff5-a876b97a4afa,https://api-media-core.jesusfilm.org/1_jf6152-0-0/variants/22679/videos/e240f269-58c8-4337-8afa-2fda6ac35b43/22679_1_jf6152-0-0.mp4,1_jf6152-0-0---OT---22679---34622---0---0.mp4,ok,,56.704,56.598,56.704,1.002,
1_jf6151-0-0,22679,ot,34622,no_variant,948c9733-6123-4810-ad5e-44ff4e8bd36c,https://api-media-core.jesusfilm.org/1_jf6151-0-0/variants/22679/videos/7f1ffb53-c60e-4224-8f9b-32856c40fd3f/22679_1_jf6151-0-0.mp4,1_jf6151-0-0---OT---22679---34622---0---0.mp4,ok,,168.981,168.877,168.981,1.001,
1_jf6150-0-0,22679,ot,34622,no_variant,d26ff819-f430-4930-b918-4d720cb47650,https://api-media-core.jesusfilm.org/1_jf6150-0-0/variants/22679/videos/0d1eacf9-0824-4ea7-9bd2-0b46f41fe2d2/22679_1_jf6150-0-0.mp4,1_jf6150-0-0---OT---22679---34622---0---0.mp4,ok,,214.315,214.214,214.315,1.000,
1_jf6149-0-0,22679,ot,34622,no_variant,5885753a-5a87-48f9-902a-ff18bc129a74,https://api-media-core.jesusfilm.org/1_jf6149-0-0/variants/22679/videos/2fd4b666-e1bc-417f-ac4f-cec6583d972a/22679_1_jf6149-0-0.mp4,1_jf6149-0-0---OT---22679---34622---0---0.mp4,ok,,176.683,176.593,176.683,1.001,
1_jf6148-0-0,22679,ot,34622,no_variant,8862ad57-87de-47df-aad9-18d13d57dc3c,https://api-media-core.jesusfilm.org/1_jf6148-0-0/variants/22679/videos/d5efb915-3af5-4407-975d-cdc8a2be96d9/22679_1_jf6148-0-0.mp4,1_jf6148-0-0---OT---22679---34622---0---0.mp4,ok,,84.309,84.209,84.309,1.001,
1_jf6147-0-0,22679,ot,34622,no_variant,9dae89f1-7815-4e50-9a9c-7e62addee021,https://api-media-core.jesusfilm.org/1_jf6147-0-0/variants/22679/videos/4c1b02b3-ada3-4c0e-8de1-a1b6377a3b9e/22679_1_jf6147-0-0.mp4,1_jf6147-0-0---OT---22679---34622---0---0.mp4,ok,,103.787,103.687,103.787,1.001,
1_jf6146-0-0,22679,ot,34622,no_variant,d45d2a42-31f9-4876-980a-6166743a7e3f,https://api-media-core.jesusfilm.org/1_jf6146-0-0/variants/22679/videos/fd48e8f9-57e2-4ce3-8d84-580e52d1198a/22679_1_jf6146-0-0.mp4,1_jf6146-0-0---OT---22679---34622---0---0.mp4,ok,,118.293,118.201,118.293,1.001,
1_jf6145-0-0,22679,ot,34622,no_variant,236838a3-664e-4da3-b467-a04fbae2cbc8,https://api-media-core.jesusfilm.org/1_jf6145-0-0/variants/22679/videos/37cdee7a-80fe-4714-b8da-23386fb95bec/22679_1_jf6145-0-0.mp4,1_jf6145-0-0---OT---22679---34622---0---0.mp4,ok,,143.573,143.477,143.573,1.001,
1_jf6144-0-0,22679,ot,34622,no_variant,afb6976f-74bf-41ef-a967-dca51d12f3da,https://api-media-core.jesusfilm.org/1_jf6144-0-0/variants/22679/videos/0fff9f8c-a83e-4e4e-abab-72dbaa12f617/22679_1_jf6144-0-0.mp4,1_jf6144-0-0---OT---22679---34622---0---0.mp4,ok,,262.656,262.554,262.656,1.000,
1_jf6143-0-0,22679,ot,34622,no_variant,ae531e72-cda8-4090-85b2-4371ff813a7a,https://api-media-core.jesusfilm.org/1_jf6143-0-0/variants/22679/videos/e1db73b4-c8d1-49bd-9282-e60c2223312a/22679_1_jf6143-0-0.mp4,1_jf6143-0-0---OT---22679---34622---0---0.mp4,ok,,149.163,149.066,149.163,1.001,
1_jf6142-0-0,22679,ot,34622,no_variant,04b55ed4-a61c-47fc-ac52-25334e517a18,https://api-media-core.jesusfilm.org/1_jf6142-0-0/variants/22679/videos/680ee39c-8a8b-43d0-880e-efbb2e2a32bb/22679_1_jf6142-0-0.mp4,1_jf6142-0-0---OT---22679---34622---0---0.mp4,ok,,175.317,175.217,175.317,1.001,
1_jf6141-0-0,22679,ot,34622,no_variant,c6d9f725-2586-4729-9ad6-a658e4b78785,https://api-media-core.jesusfilm.org/1_jf6141-0-0/variants/22679/videos/26adf996-a4d3-4c53-98e3-26edaca18211/22679_1_jf6141-0-0.mp4,1_jf6141-0-0---OT---22679---34622---0---0.mp4,ok,,58.069,57.975,58.069,1.002,
1_jf6140-0-0,22679,ot,34622,no_variant,ef52dc38-1d44-4309-a98c-379f27e8875f,https://api-media-core.jesusfilm.org/1_jf6140-0-0/variants/22679/videos/3cd8c829-aed5-4bf0-9d00-973bdd607bf6/22679_1_jf6140-0-0.mp4,1_jf6140-0-0---OT---22679---34622---0---0.mp4,ok,,110.464,110.360,110.464,1.001,
1_jf6139-0-0,22679,ot,34622,no_variant,04c1e072-ee86-480c-afb3-00237bb684f1,https://api-media-core.jesusfilm.org/1_jf6139-0-0/variants/22679/videos/91fb3d57-40fb-4cbe-8643-44ab1f215a07/22679_1_jf6139-0-0.mp4,1_jf6139-0-0---OT---22679---34622---0---0.mp4,ok,,59.541,59.434,59.541,1.002,
1_jf6138-0-0,22679,ot,34622,no_variant,fdfc7664-e04a-4db6-8d0c-8ea0fe5af9ca,https://api-media-core.jesusfilm.org/1_jf6138-0-0/variants/22679/videos/cb70894a-c7c7-4ae8-a07b-27096ee3abb0/22679_1_jf6138-0-0.mp4,1_jf6138-0-0---OT---22679---34622---0---0.mp4,ok,,45.760,45.671,45.760,1.002,
1_jf6137-0-0,22679,ot,34622,no_variant,c3f42b46-3d5f-4d2c-9ca0-fa9a0811cbad,https://api-media-core.jesusfilm.org/1_jf6137-0-0/variants/22679/videos/a3539d7f-7a5b-4c8b-99c0-66e4761f1ac8/22679_1_jf6137-0-0.mp4,1_jf6137-0-0---OT---22679---34622---0---0.mp4,ok,,111.829,111.737,111.829,1.001,
1_jf6136-0-0,22679,ot,34622,no_variant,e02bb0bf-4bb4-47fe-a438-91e5b5c086c4,https://api-media-core.jesusfilm.org/1_jf6136-0-0/variants/22679/videos/3040a8aa-27ba-4da8-ad83-19e4ba292aae/22679_1_jf6136-0-0.mp4,1_jf6136-0-0---OT---22679---34622---0---0.mp4,ok,,60.288,60.185,60.288,1.002,
1_jf6135-0-0,22679,ot,34622,no_variant,f75dffd1-8b28-4ccc-844f-47ea8744bb0c,https://api-media-core.jesusfilm.org/1_jf6135-0-0/variants/22679/videos/153474a0-263d-44a2-bc45-3b2ef3097e40/22679_1_jf6135-0-0.mp4,1_jf6135-0-0---OT---22679---34622---0---0.mp4,ok,,70.464,70.362,70.464,1.001,
1_jf6134-0-0,22679,ot,34622,no_variant,37924edc-235d-4b2e-b322-d5b4c8eae224,https://api-media-core.jesusfilm.org/1_jf6134-0-0/variants/22679/videos/0875836f-1838-4773-b8ee-78a1090156ef/22679_1_jf6134-0-0.mp4,1_jf6134-0-0---OT---22679---34622---0---0.mp4,ok,,42.091,42.000,42.091,1.002,
1_jf6133-0-0,22679,ot,34622,no_variant,6dec4cf7-5a63-4d49-ae17-fc8cd0556365,https://api-media-core.jesusfilm.org/1_jf6133-0-0/variants/22679/videos/0c6f3a6d-c351-4b27-a90c-ac6bb93310ab/22679_1_jf6133-0-0.mp4,1_jf6133-0-0---OT---22679---34622---0---0.mp4,ok,,141.781,141.683,141.781,1.001,
1_jf6132-0-0,22679,ot,34622,no_variant,da0fb536-d7f7-4e41-8453-e5faf50cf163,https://api-media-core.jesusfilm.org/1_jf6132-0-0/variants/22679/videos/e4a6aa76-715a-4b8e-8867-c56f66848f51/22679_1_jf6132-0-0.mp4,1_jf6132-0-0---OT---22679---34622---0---0.mp4,ok,,104.619,104.521,104.619,1.001,
1_jf6131-0-0,22679,ot,34622,no_variant,b7962235-ce46-41d9-97e9-1d181f8b160e,https://api-media-core.jesusfilm.org/1_jf6131-0-0/variants/22679/videos/d5e24f4f-c3b8-44e1-a691-1c2aa22901d2/22679_1_jf6131-0-0.mp4,1_jf6131-0-0---OT---22679---34622---0---0.mp4,ok,,98.112,98.015,98.112,1.001,
1_jf6130-0-0,22679,ot,34622,no_variant,2e8b00d8-392f-44b3-bff5-70cc6ee76def,https://api-media-core.jesusfilm.org/1_jf6130-0-0/variants/22679/videos/82067ecb-1249-4003-8160-830add67759f/22679_1_jf6130-0-0.mp4,1_jf6130-0-0---OT---22679---34622---0---0.mp4,ok,,117.205,117.117,117.205,1.001,
1_jf6129-0-0,22679,ot,34622,no_variant,8870208d-3c5f-4def-9b9a-65abdda69ae5,https://api-media-core.jesusfilm.org/1_jf6129-0-0/variants/22679/videos/d71c71a1-b0b9-4cfb-8998-bb15c83f8b7e/22679_1_jf6129-0-0.mp4,1_jf6129-0-0---OT---22679---34622---0---0.mp4,ok,,29.547,29.446,29.547,1.003,
1_jf6128-0-0,22679,ot,34622,no_variant,34ebfbbe-46af-4e2e-bd53-d2c5107ab835,https://api-media-core.jesusfilm.org/1_jf6128-0-0/variants/22679/videos/5016bcc8-9496-43e0-ad15-3ae19fdb7dca/22679_1_jf6128-0-0.mp4,1_jf6128-0-0---OT---22679---34622---0---0.mp4,ok,,28.117,28.028,28.117,1.003,
1_jf6127-0-0,22679,ot,34622,no_variant,954dfc97-7084-4df4-9119-18656a8fee74,https://api-media-core.jesusfilm.org/1_jf6127-0-0/variants/22679/videos/91752d65-c0cd-40c1-b8ad-a72725c60923/22679_1_jf6127-0-0.mp4,1_jf6127-0-0---OT---22679---34622---0---0.mp4,ok,,54.933,54.846,54.933,1.002,
1_jf6126-0-0,22679,ot,34622,no_variant,9d4c2c8f-9437-4ce3-99d6-6c2a3ee95d58,https://api-media-core.jesusfilm.org/1_jf6126-0-0/variants/22679/videos/2b1eee1d-f6af-4cc3-9287-0571c2b1801e/22679_1_jf6126-0-0.mp4,1_jf6126-0-0---OT---22679---34622---0---0.mp4,ok,,143.787,143.685,143.787,1.001,
1_jf6125-0-0,22679,ot,34622,no_variant,cb38d08c-3114-4f25-800e-1319ae3cd820,https://api-media-core.jesusfilm.org/1_jf6125-0-0/variants/22679/videos/8012c4d9-c13d-4a7b-a766-0a17a04a8771/22679_1_jf6125-0-0.mp4,1_jf6125-0-0---OT---22679---34622---0---0.mp4,ok,,57.621,57.516,57.621,1.002,
1_jf6124-0-0,22679,ot,34622,no_variant,23af171c-9243-48c2-993e-8aaa119f66e0,https://api-media-core.jesusfilm.org/1_jf6124-0-0/variants/22679/videos/7c0f2e3c-d571-4cbe-b4f3-d16762168e4a/22679_1_jf6124-0-0.mp4,1_jf6124-0-0---OT---22679---34622---0---0.mp4,ok,,135.317,135.218,135.317,1.001,
1_jf6123-0-0,22679,ot,34622,no_variant,5213dae6-cb80-4bb6-9359-a4db89cf8a53,https://api-media-core.jesusfilm.org/1_jf6123-0-0/variants/22679/videos/b68d3bd7-a545-4315-a8fa-fdcb79fc941f/22679_1_jf6123-0-0.mp4,1_jf6123-0-0---OT---22679---34622---0---0.mp4,ok,,105.493,105.397,105.493,1.001,
1_jf6122-0-0,22679,ot,34622,no_variant,dae8b430-3998-435c-8955-6bedd991d367,https://api-media-core.jesusfilm.org/1_jf6122-0-0/variants/22679/videos/99c287b5-30fc-4e9a-835d-3208c4898c9d/22679_1_jf6122-0-0.mp4,1_jf6122-0-0---OT---22679---34622---0---0.mp4,ok,,83.691,83.584,83.691,1.001,
1_jf6121-0-0,22679,ot,34622,no_variant,2ecc388c-ed74-4055-8083-53e5130aaae5,https://api-media-core.jesusfilm.org/1_jf6121-0-0/variants/22679/videos/01291418-456c-442a-a575-e889893e3da2/22679_1_jf6121-0-0.mp4,1_jf6121-0-0---OT---22679---34622---0---0.mp4,ok,,149.867,149.775,149.867,1.001,
1_jf6120-0-0,22679,ot,34622,no_variant,ea3e202b-1776-4438-8c16-e8b6d002eb22,https://api-media-core.jesusfilm.org/1_jf6120-0-0/variants/22679/videos/139cb572-1b8b-4b6c-97c0-4a9df5a71802/22679_1_jf6120-0-0.mp4,1_jf6120-0-0---OT---22679---34622---0---0.mp4,ok,,136.235,136.136,136.235,1.001,
1_jf6119-0-0,22679,ot,34622,no_variant,5b23b2d9-a0ab-4e19-88a3-b13a03f86343,https://api-media-core.jesusfilm.org/1_jf6119-0-0/variants/22679/videos/a70b45c7-df59-4355-b52f-e1cdefff170f/22679_1_jf6119-0-0.mp4,1_jf6119-0-0---OT---22679---34622---0---0.mp4,ok,,118.635,118.535,118.635,1.001,
1_jf6118-0-0,22679,ot,34622,no_variant,8f3df927-787f-47bc-b429-25debe045b1d,https://api-media-core.jesusfilm.org/1_jf6118-0-0/variants/22679/videos/bbf3eea3-9dac-42b5-abe2-fdfe542f8105/22679_1_jf6118-0-0.mp4,1_jf6118-0-0---OT---22679---34622---0---0.mp4,ok,,55.893,55.806,55.893,1.002,
1_jf6117-0-0,22679,ot,34622,no_variant,3035403e-6afa-4b92-b81f-e8e8254a7373,https://api-media-core.jesusfilm.org/1_jf6117-0-0/variants/22679/videos/518ab657-9bb4-4fc0-a56f-0dca6c7c2cbc/22679_1_jf6117-0-0.mp4,1_jf6117-0-0---OT---22679---34622---0---0.mp4,ok,,138.368,138.263,138.368,1.001,
1_jf6116-0-0,22679,ot,34622,no_variant,4a593a0c-2df5-4d21-b688-ec346e2e6c9b,https://api-media-core.jesusfilm.org/1_jf6116-0-0/variants/22679/videos/57ed4dc8-3d9f-4d95-90e3-e5dcc2afff83/22679_1_jf6116-0-0.mp4,1_jf6116-0-0---OT---22679---34622---0---0.mp4,ok,,116.288,116.199,116.288,1.001,
1_jf6115-0-0,22679,ot,34622,no_variant,7a24ecc7-5a2f-400b-9418-185050348b36,https://api-media-core.jesusfilm.org/1_jf6115-0-0/variants/22679/videos/1de2f41f-4bcc-4aa1-a31a-83274f49b545/22679_1_jf6115-0-0.mp4,1_jf6115-0-0---OT---22679---34622---0---0.mp4,ok,,43.648,43.544,43.648,1.002,
1_jf6114-0-0,22679,ot,34622,no_variant,ad4e54fc-cff3-4160-b47e-feb834e1a5ad,https://api-media-core.jesusfilm.org/1_jf6114-0-0/variants/22679/videos/b6a3a730-64fd-4bcf-8b9d-25b363a1cb76/22679_1_jf6114-0-0.mp4,1_jf6114-0-0---OT---22679---34622---0---0.mp4,ok,,176.853,176.760,176.853,1.001,
1_jf6113-0-0,22679,ot,34622,no_variant,d27ce40c-964d-4589-890a-abfb4f92450b,https://api-media-core.jesusfilm.org/1_jf6113-0-0/variants/22679/videos/c945df00-050b-4a38-a34d-cc5ae14d7889/22679_1_jf6113-0-0.mp4,1_jf6113-0-0---OT---22679---34622---0---0.mp4,ok,,19.157,19.061,19.157,1.005,
1_jf6112-0-0,22679,ot,34622,no_variant,253415ac-1428-40b0-8f8f-70360c166834,https://api-media-core.jesusfilm.org/1_jf6112-0-0/variants/22679/videos/c1973298-3d29-45ef-8351-44b9e7851a0d/22679_1_jf6112-0-0.mp4,1_jf6112-0-0---OT---22679---34622---0---0.mp4,ok,,218.944,218.844,218.944,1.000,
1_jf6111-0-0,22679,ot,34622,no_variant,a4754787-c992-45c7-a6f1-2d97233d95d9,https://api-media-core.jesusfilm.org/1_jf6111-0-0/variants/22679/videos/57b2d80b-4e9f-4f1f-8850-846238c6143d/22679_1_jf6111-0-0.mp4,1_jf6111-0-0---OT---22679---34622---0---0.mp4,ok,,62.656,62.563,62.656,1.001,
1_jf6110-0-0,22679,ot,34622,no_variant,bbd672e6-3679-4364-b08f-e35cbfdbdf99,https://api-media-core.jesusfilm.org/1_jf6110-0-0/variants/22679/videos/38966a75-8dea-40d1-a159-8a2116acff4b/22679_1_jf6110-0-0.mp4,1_jf6110-0-0---OT---22679---34622---0---0.mp4,ok,,190.741,190.649,190.741,1.000,
1_jf6109-0-0,22679,ot,34622,no_variant,c3852c1e-a1ea-4f48-a613-a391c06b0fcb,https://api-media-core.jesusfilm.org/1_jf6109-0-0/variants/22679/videos/585fbe62-2771-4785-94c0-c92efcca96a7/22679_1_jf6109-0-0.mp4,1_jf6109-0-0---OT---22679---34622---0---0.mp4,ok,,134.848,134.760,134.848,1.001,
1_jf6108-0-0,22679,ot,34622,no_variant,7d8cb646-3a14-403f-aa77-e6642db43b9b,https://api-media-core.jesusfilm.org/1_jf6108-0-0/variants/22679/videos/6c1af6de-3ea6-4b37-af6e-1ecca455c773/22679_1_jf6108-0-0.mp4,1_jf6108-0-0---OT---22679---34622---0---0.mp4,ok,,121.472,121.371,121.472,1.001,
1_jf6107-0-0,22679,ot,34622,no_variant,f40e2e27-86c9-4bad-ac13-b5c4b9b1c70c,https://api-media-core.jesusfilm.org/1_jf6107-0-0/variants/22679/videos/74645ef0-26b3-4ebd-8916-cae52f08654b/22679_1_jf6107-0-0.mp4,1_jf6107-0-0---OT---22679---34622---0---0.mp4,ok,,62.123,62.020,62.123,1.002,
1_jf6106-0-0,22679,ot,34622,no_variant,92baf40f-a2af-4c95-b970-f05ae84d87bb,https://api-media-core.jesusfilm.org/1_jf6106-0-0/variants/22679/videos/e2c90f78-b0f4-4be8-9764-534832f4a02c/22679_1_jf6106-0-0.mp4,1_jf6106-0-0---OT---22679---34622---0---0.mp4,ok,,187.243,187.145,187.243,1.001,
1_jf6105-0-0,22679,ot,34622,no_variant,c9c4222a-7b7c-4583-b446-aeadfab63837,https://api-media-core.jesusfilm.org/1_jf6105-0-0/variants/22679/videos/fed0bd0a-910d-48e9-8583-a28240545acd/22679_1_jf6105-0-0.mp4,1_jf6105-0-0---OT---22679---34622---0---0.mp4,ok,,142.037,141.933,142.037,1.001,
1_jf6104-0-0,22679,ot,34622,no_variant,46d36d15-3ec0-4eb5-97bf-ec91e7f1fa6e,https://api-media-core.jesusfilm.org/1_jf6104-0-0/variants/22679/videos/1e0305c8-60e9-4839-88f1-9fd5f36a457b/22679_1_jf6104-0-0.mp4,1_jf6104-0-0---OT---22679---34622---0---0.mp4,ok,,227.200,227.102,227.200,1.000,
1_jf6103-0-0,22679,ot,34622,no_variant,ce213cb7-7e77-4590-98b6-6e3f58b332bc,https://api-media-core.jesusfilm.org/1_jf6103-0-0/variants/22679/videos/ce0add9a-15f0-4c38-bfa3-c029110972f4/22679_1_jf6103-0-0.mp4,1_jf6103-0-0---OT---22679---34622---0---0.mp4,ok,,135.232,135.135,135.232,1.001,
1_jf6102-0-0,22679,ot,34622,no_variant,50a93189-3a44-4f6c-9f10-aeeb0500f58f,https://api-media-core.jesusfilm.org/1_jf6102-0-0/variants/22679/videos/de7e40af-7407-4010-afef-08024ba6ec3d/22679_1_jf6102-0-0.mp4,1_jf6102-0-0---OT---22679---34622---0---0.mp4,ok,,222.955,222.848,222.955,1.000,
1_jf6101-0-0,22679,ot,34622,no_variant,a5b06738-a739-4028-82e0-c31a0d50900e,https://api-media-core.jesusfilm.org/1_jf6101-0-0/variants/22679/videos/ab93708c-6016-42b1-9e3b-acc527ffb9d3/22679_1_jf6101-0-0.mp4,1_jf6101-0-0---OT---22679---34622---0---0.mp4,ok,,488.085,487.946,488.085,1.000,
1_jf-0-0,22679,ot,34622,no_variant,158ba5d6-2e32-40cd-930b-d77f496ea82e,https://api-media-core.jesusfilm.org/1_jf-0-0/variants/22679/videos/2ff9a869-ca46-4514-b8bd-4e0437088340/22679_1_jf-0-0.mp4,1_jf-0-0---OT---22679---34622---0---0.mp4,ok,,7673.728,7673.666,7673.728,1.000,
1_cl-0-0,53441,cl,24922,no_variant,adebd333-00f9-4faa-ba4a-43d8d07cf26c,https://api-media-core.jesusfilm.org/1_cl-0-0/variants/53441/videos/f7e7d307-ecf7-4ba1-825d-a4253b45b795/53441_1_cl-0-0.mp4,1_cl-0-0---CL---53441---24922---0---0.mp4,fail,container_video_ratio_ge_3;long_container_short_video;audio_video_ratio_ge_3,3679.787,56.745,3679.787,64.848,
1_jf6161-0-0,5648,ot,33128,no_variant,85f32e1d-7663-43c8-b0d7-e9dde18bb89d,https://api-media-core.jesusfilm.org/1_jf6161-0-0/variants/5648/videos/94723a37-488a-46b8-9c1b-83f297aabac4/5648_1_jf6161-0-0.mp4,1_jf6161-0-0---OT---5648---33128---0---0.mp4,ok,,340.565,340.507,340.565,1.000,
1_jf6160-0-0,5648,ot,33128,no_variant,4456c556-8622-407b-b253-077a86e2768d,https://api-media-core.jesusfilm.org/1_jf6160-0-0/variants/5648/videos/2615bfba-4a8f-4842-9935-f40e7a1f0793/5648_1_jf6160-0-0.mp4,1_jf6160-0-0---OT---5648---33128---0---0.mp4,ok,,75.925,75.826,75.925,1.001,
1_jf6159-0-0,5648,ot,33128,no_variant,a1484409-e1d3-4d55-ac76-ff67ea26ffb8,https://api-media-core.jesusfilm.org/1_jf6159-0-0/variants/5648/videos/2aff42a1-f533-481c-8869-7f5c18e6cf9a/5648_1_jf6159-0-0.mp4,1_jf6159-0-0---OT---5648---33128---0---0.mp4,ok,,115.584,115.490,115.584,1.001,
1_jf6158-0-0,5648,ot,33128,no_variant,b7fa25a8-df18-42bc-bb79-700b45924b02,https://api-media-core.jesusfilm.org/1_jf6158-0-0/variants/5648/videos/448de559-6eef-4931-9270-fdf5aa57975f/5648_1_jf6158-0-0.mp4,1_jf6158-0-0---OT---5648---33128---0---0.mp4,ok,,82.432,82.332,82.432,1.001,
1_jf6157-0-0,5648,ot,33128,no_variant,671647b1-25e8-4153-84e3-2e953419a7ca,https://api-media-core.jesusfilm.org/1_jf6157-0-0/variants/5648/videos/7589e535-2d0f-4ebf-a781-611c99f51ba7/5648_1_jf6157-0-0.mp4,1_jf6157-0-0---OT---5648---33128---0---0.mp4,ok,,88.597,88.505,88.597,1.001,
1_jf6156-0-0,5648,ot,33128,no_variant,c34fc132-c38b-4f41-8279-7e96955f118f,https://api-media-core.jesusfilm.org/1_jf6156-0-0/variants/5648/videos/f2077afe-6b35-4ad0-b4af-dca1e4f83a55/5648_1_jf6156-0-0.mp4,1_jf6156-0-0---OT---5648---33128---0---0.mp4,ok,,120.597,120.495,120.597,1.001,
1_jf6155-0-0,5648,ot,33128,no_variant,de3a856d-d5f5-4fe6-bcc8-069b10af0387,https://api-media-core.jesusfilm.org/1_jf6155-0-0/variants/5648/videos/94e197c8-d7a5-4f68-a6bd-bb15d0d7a75c/5648_1_jf6155-0-0.mp4,1_jf6155-0-0---OT---5648---33128---0---0.mp4,ok,,105.664,105.564,105.664,1.001,
1_jf6154-0-0,5648,ot,33128,no_variant,609845a9-fcb6-401b-a636-8871abd0919b,https://api-media-core.jesusfilm.org/1_jf6154-0-0/variants/5648/videos/568fb09f-42bc-4fa4-86d8-5b579a6d7991/5648_1_jf6154-0-0.mp4,1_jf6154-0-0---OT---5648---33128---0---0.mp4,ok,,99.947,99.850,99.947,1.001,
1_jf6153-0-0,5648,ot,33128,no_variant,fabc28a2-f24c-4d1a-a46e-1d03cb562277,https://api-media-core.jesusfilm.org/1_jf6153-0-0/variants/5648/videos/93766149-275c-4265-a76a-0b621cd23685/5648_1_jf6153-0-0.mp4,1_jf6153-0-0---OT---5648---33128---0---0.mp4,ok,,66.923,66.817,66.923,1.002,
1_jf6152-0-0,5648,ot,33128,no_variant,be795fe1-1612-4ba0-9399-5f1cf3ab753c,https://api-media-core.jesusfilm.org/1_jf6152-0-0/variants/5648/videos/5e9bc08a-c8ad-44af-b194-109d867e1cd0/5648_1_jf6152-0-0.mp4,1_jf6152-0-0---OT---5648---33128---0---0.mp4,ok,,56.704,56.598,56.704,1.002,
1_jf6151-0-0,5648,ot,33128,no_variant,aa1fe272-7aec-409f-bb0a-05663dd6739a,https://api-media-core.jesusfilm.org/1_jf6151-0-0/variants/5648/videos/dbed85cb-2722-4353-a828-9066d4ef9f56/5648_1_jf6151-0-0.mp4,1_jf6151-0-0---OT---5648---33128---0---0.mp4,ok,,168.981,168.877,168.981,1.001,
1_jf6150-0-0,5648,ot,33128,no_variant,cab5b39a-1805-4e3c-aa58-397bf3606f9a,https://api-media-core.jesusfilm.org/1_jf6150-0-0/variants/5648/videos/8d3e7284-9887-4c5e-812f-f6d9b03b5009/5648_1_jf6150-0-0.mp4,1_jf6150-0-0---OT---5648---33128---0---0.mp4,ok,,214.315,214.214,214.315,1.000,
1_jf6149-0-0,5648,ot,33128,no_variant,b541fc4f-3e40-45e2-a9bd-b30e1f45f516,https://api-media-core.jesusfilm.org/1_jf6149-0-0/variants/5648/videos/ee894e1b-8810-4d4d-b768-3b03b189bb74/5648_1_jf6149-0-0.mp4,1_jf6149-0-0---OT---5648---33128---0---0.mp4,ok,,176.683,176.593,176.683,1.001,
1_jf6148-0-0,5648,ot,33128,no_variant,d0554676-ce7f-4e7c-9039-16e85533d2e7,https://api-media-core.jesusfilm.org/1_jf6148-0-0/variants/5648/videos/33e55fe4-c379-4615-8d38-b92d62ae30c0/5648_1_jf6148-0-0.mp4,1_jf6148-0-0---OT---5648---33128---0---0.mp4,ok,,84.309,84.209,84.309,1.001,
1_jf6147-0-0,5648,ot,33128,no_variant,25780713-36d0-4ac7-a535-0c83c8341916,https://api-media-core.jesusfilm.org/1_jf6147-0-0/variants/5648/videos/ec7804c9-75e2-4c19-98d3-7257228dc756/5648_1_jf6147-0-0.mp4,1_jf6147-0-0---OT---5648---33128---0---0.mp4,ok,,103.787,103.687,103.787,1.001,
1_jf6146-0-0,5648,ot,33128,no_variant,c9db646e-5afc-409e-87dd-b8d51a7bf38a,https://api-media-core.jesusfilm.org/1_jf6146-0-0/variants/5648/videos/ceaa2948-5a00-4131-9985-3f485ec8fc70/5648_1_jf6146-0-0.mp4,1_jf6146-0-0---OT---5648---33128---0---0.mp4,ok,,118.293,118.201,118.293,1.001,
1_jf6145-0-0,5648,ot,33128,no_variant,b2b7f395-f4ea-41f9-aae1-c43d4fd47d05,https://api-media-core.jesusfilm.org/1_jf6145-0-0/variants/5648/videos/398bdfdc-d3c8-4147-b77b-14a31e27a6b4/5648_1_jf6145-0-0.mp4,1_jf6145-0-0---OT---5648---33128---0---0.mp4,ok,,143.573,143.477,143.573,1.001,
1_jf6144-0-0,5648,ot,33128,no_variant,2838ce4d-d956-4c6e-9ffc-6725e41aaf8b,https://api-media-core.jesusfilm.org/1_jf6144-0-0/variants/5648/videos/c9737188-92ae-4f50-9d25-f1c1cecf9d2b/5648_1_jf6144-0-0.mp4,1_jf6144-0-0---OT---5648---33128---0---0.mp4,ok,,262.656,262.554,262.656,1.000,
1_jf6143-0-0,5648,ot,33128,no_variant,3f30c9f6-a4ce-41f7-b99e-693f1843369f,https://api-media-core.jesusfilm.org/1_jf6143-0-0/variants/5648/videos/9cc17ef6-d0d1-4e34-89e3-8ee2e8e7dc8d/5648_1_jf6143-0-0.mp4,1_jf6143-0-0---OT---5648---33128---0---0.mp4,ok,,149.163,149.066,149.163,1.001,
1_jf6142-0-0,5648,ot,33128,no_variant,eaa36450-f54c-4765-8b46-bf89d854ffe8,https://api-media-core.jesusfilm.org/1_jf6142-0-0/variants/5648/videos/50edfd3b-7792-41ce-ab61-27f5476f45d9/5648_1_jf6142-0-0.mp4,1_jf6142-0-0---OT---5648---33128---0---0.mp4,ok,,175.317,175.217,175.317,1.001,
1_jf6141-0-0,5648,ot,33128,no_variant,2c2c9ced-3cd9-4d27-903c-f2905bf03b60,https://api-media-core.jesusfilm.org/1_jf6141-0-0/variants/5648/videos/7931e288-0055-4de5-8e29-f0c390340e6f/5648_1_jf6141-0-0.mp4,1_jf6141-0-0---OT---5648---33128---0---0.mp4,ok,,58.069,57.975,58.069,1.002,
1_jf6140-0-0,5648,ot,33128,no_variant,6435f6e0-58c5-4429-965f-3b5d0b8cba90,https://api-media-core.jesusfilm.org/1_jf6140-0-0/variants/5648/videos/e9806740-eaf6-42f7-b458-ad0e3aceb967/5648_1_jf6140-0-0.mp4,1_jf6140-0-0---OT---5648---33128---0---0.mp4,ok,,110.464,110.360,110.464,1.001,
1_jf6139-0-0,5648,ot,33128,no_variant,fa315ddb-a12f-4160-8007-4c6633bdf4ff,https://api-media-core.jesusfilm.org/1_jf6139-0-0/variants/5648/videos/9aa97156-f0ef-4fd4-8a9f-4a218d941b25/5648_1_jf6139-0-0.mp4,1_jf6139-0-0---OT---5648---33128---0---0.mp4,ok,,59.541,59.434,59.541,1.002,
1_jf6138-0-0,5648,ot,33128,no_variant,8056b515-69ec-4d04-823a-3d8a42a0d076,https://api-media-core.jesusfilm.org/1_jf6138-0-0/variants/5648/videos/47654564-b4eb-4f04-a533-4bf56eae49d4/5648_1_jf6138-0-0.mp4,1_jf6138-0-0---OT---5648---33128---0---0.mp4,ok,,45.760,45.671,45.760,1.002,
1_jf6137-0-0,5648,ot,33128,no_variant,1f6f624d-6acc-48ba-94e4-7e756f8353f8,https://api-media-core.jesusfilm.org/1_jf6137-0-0/variants/5648/videos/7e058db9-f154-4dec-9c57-1c1ace0cf83c/5648_1_jf6137-0-0.mp4,1_jf6137-0-0---OT---5648---33128---0---0.mp4,ok,,111.829,111.737,111.829,1.001,
1_jf6136-0-0,5648,ot,33128,no_variant,501f9d9c-3ccc-41b2-a285-431f1a8f24a4,https://api-media-core.jesusfilm.org/1_jf6136-0-0/variants/5648/videos/38dc5831-a37a-4712-92b0-f931234db9e5/5648_1_jf6136-0-0.mp4,1_jf6136-0-0---OT---5648---33128---0---0.mp4,ok,,60.288,60.185,60.288,1.002,
1_jf6135-0-0,5648,ot,33128,no_variant,d3d84e14-4161-425b-845b-9ccd842ffdd2,https://api-media-core.jesusfilm.org/1_jf6135-0-0/variants/5648/videos/bf7a0fb8-6bf1-4583-9f5b-eb68ee578e7a/5648_1_jf6135-0-0.mp4,1_jf6135-0-0---OT---5648---33128---0---0.mp4,ok,,70.464,70.362,70.464,1.001,
1_jf6134-0-0,5648,ot,33128,no_variant,d89eeb25-0c09-465f-a3af-6c5d348bd6fa,https://api-media-core.jesusfilm.org/1_jf6134-0-0/variants/5648/videos/e1bb113b-7c34-455a-b535-643bb73c9d2e/5648_1_jf6134-0-0.mp4,1_jf6134-0-0---OT---5648---33128---0---0.mp4,ok,,42.091,42.000,42.091,1.002,
1_jf6133-0-0,5648,ot,33128,no_variant,220fffd3-239c-4fd2-8fb2-06812261b0a0,https://api-media-core.jesusfilm.org/1_jf6133-0-0/variants/5648/videos/4a5c451f-be36-4d56-ba8e-f614526e8559/5648_1_jf6133-0-0.mp4,1_jf6133-0-0---OT---5648---33128---0---0.mp4,ok,,141.781,141.683,141.781,1.001,
1_jf6132-0-0,5648,ot,33128,no_variant,738137b6-0c97-4a3e-a3b5-64741cf48d26,https://api-media-core.jesusfilm.org/1_jf6132-0-0/variants/5648/videos/9d52742e-e659-4f73-a552-f2ff9d2a0434/5648_1_jf6132-0-0.mp4,1_jf6132-0-0---OT---5648---33128---0---0.mp4,ok,,104.619,104.521,104.619,1.001,
1_jf6131-0-0,5648,ot,33128,no_variant,c9d38a62-02fc-4a22-b6e6-d7396c08c913,https://api-media-core.jesusfilm.org/1_jf6131-0-0/variants/5648/videos/f868021a-20da-401f-8417-7df5dfa225fa/5648_1_jf6131-0-0.mp4,1_jf6131-0-0---OT---5648---33128---0---0.mp4,ok,,98.112,98.015,98.112,1.001,
1_jf6130-0-0,5648,ot,33128,no_variant,0ca674cc-786a-4630-9a6c-6395a17616a9,https://api-media-core.jesusfilm.org/1_jf6130-0-0/variants/5648/videos/b868e5e5-bf0b-43dd-b77c-abc694507195/5648_1_jf6130-0-0.mp4,1_jf6130-0-0---OT---5648---33128---0---0.mp4,ok,,117.205,117.117,117.205,1.001,
1_jf6129-0-0,5648,ot,33128,no_variant,f46375f2-ca64-4609-9fe3-c98811530bf3,https://api-media-core.jesusfilm.org/1_jf6129-0-0/variants/5648/videos/d0ad8a56-c05b-4d33-b167-8bc78c686dfc/5648_1_jf6129-0-0.mp4,1_jf6129-0-0---OT---5648---33128---0---0.mp4,ok,,29.547,29.446,29.547,1.003,
1_jf6128-0-0,5648,ot,33128,no_variant,ae206f17-bb26-4b70-9e21-25e46f87291e,https://api-media-core.jesusfilm.org/1_jf6128-0-0/variants/5648/videos/9e14ca0a-c398-4909-87c3-22a434bf7831/5648_1_jf6128-0-0.mp4,1_jf6128-0-0---OT---5648---33128---0---0.mp4,ok,,28.117,28.028,28.117,1.003,
1_jf6127-0-0,5648,ot,33128,no_variant,dabe43b7-e3b2-4dc9-8715-693bb79e4084,https://api-media-core.jesusfilm.org/1_jf6127-0-0/variants/5648/videos/7ee166d2-e8c3-477d-8ac1-d2b58e7a75dc/5648_1_jf6127-0-0.mp4,1_jf6127-0-0---OT---5648---33128---0---0.mp4,ok,,54.933,54.846,54.933,1.002,
1_jf6126-0-0,5648,ot,33128,no_variant,2aca7ef5-b654-40ad-8555-2c016edc5535,https://api-media-core.jesusfilm.org/1_jf6126-0-0/variants/5648/videos/4d9a64af-9546-42a3-bacb-5d6061f3ea3c/5648_1_jf6126-0-0.mp4,1_jf6126-0-0---OT---5648---33128---0---0.mp4,ok,,143.787,143.685,143.787,1.001,
1_jf6125-0-0,5648,ot,33128,no_variant,828ad39c-bab4-4398-895f-9b28fc49aaf1,https://api-media-core.jesusfilm.org/1_jf6125-0-0/variants/5648/videos/8673d8cb-1344-46ee-8fc4-6722e65352bd/5648_1_jf6125-0-0.mp4,1_jf6125-0-0---OT---5648---33128---0---0.mp4,ok,,57.621,57.516,57.621,1.002,
1_jf6124-0-0,5648,ot,33128,no_variant,6f921791-9e1c-46cb-9fa7-09f0ca87626f,https://api-media-core.jesusfilm.org/1_jf6124-0-0/variants/5648/videos/c066aca5-8a19-4b9b-bfdc-2a34f30d8a16/5648_1_jf6124-0-0.mp4,1_jf6124-0-0---OT---5648---33128---0---0.mp4,ok,,135.317,135.218,135.317,1.001,
1_jf6123-0-0,5648,ot,33128,no_variant,6843b092-b5b4-4e8f-ba0b-cce05a3b6170,https://api-media-core.jesusfilm.org/1_jf6123-0-0/variants/5648/videos/766a48e1-dd9e-407f-86a4-7fa385e56bb2/5648_1_jf6123-0-0.mp4,1_jf6123-0-0---OT---5648---33128---0---0.mp4,ok,,105.493,105.397,105.493,1.001,
1_jf6122-0-0,5648,ot,33128,no_variant,8892f2e6-1e35-4bf1-89c2-c9055ba15f09,https://api-media-core.jesusfilm.org/1_jf6122-0-0/variants/5648/videos/1e51ac2b-92a0-4d38-a35b-052cabbf8dda/5648_1_jf6122-0-0.mp4,1_jf6122-0-0---OT---5648---33128---0---0.mp4,ok,,83.691,83.584,83.691,1.001,
1_jf6121-0-0,5648,ot,33128,no_variant,5a21c143-0588-4341-b674-ec0a617a60e5,https://api-media-core.jesusfilm.org/1_jf6121-0-0/variants/5648/videos/189d10fc-59c9-4ce5-b55f-3ef38196fe30/5648_1_jf6121-0-0.mp4,1_jf6121-0-0---OT---5648---33128---0---0.mp4,ok,,149.867,149.775,149.867,1.001,
1_jf6120-0-0,5648,ot,33128,no_variant,e1d6833f-0da6-4dc1-86d3-b0dcb8e2764c,https://api-media-core.jesusfilm.org/1_jf6120-0-0/variants/5648/videos/3770a097-df13-4c5f-836e-d3e110b0529d/5648_1_jf6120-0-0.mp4,1_jf6120-0-0---OT---5648---33128---0---0.mp4,ok,,136.235,136.136,136.235,1.001,
1_jf6119-0-0,5648,ot,33128,no_variant,c9a32587-a6af-41dc-a495-b47e7402f060,https://api-media-core.jesusfilm.org/1_jf6119-0-0/variants/5648/videos/d15957c5-a08b-459b-8682-26c27073c4fc/5648_1_jf6119-0-0.mp4,1_jf6119-0-0---OT---5648---33128---0---0.mp4,ok,,118.635,118.535,118.635,1.001,
1_jf6118-0-0,5648,ot,33128,no_variant,72c50535-b964-4b24-9738-62b87ef19dca,https://api-media-core.jesusfilm.org/1_jf6118-0-0/variants/5648/videos/5fd590ed-2b61-4bfa-8af1-ed2338109e8e/5648_1_jf6118-0-0.mp4,1_jf6118-0-0---OT---5648---33128---0---0.mp4,ok,,55.893,55.806,55.893,1.002,
1_jf6117-0-0,5648,ot,33128,no_variant,9d1d88ab-7790-4f61-84c3-32adf797d6d9,https://api-media-core.jesusfilm.org/1_jf6117-0-0/variants/5648/videos/ad3f88e1-6638-4614-8f8c-1df417444f65/5648_1_jf6117-0-0.mp4,1_jf6117-0-0---OT---5648---33128---0---0.mp4,ok,,138.368,138.263,138.368,1.001,
1_jf6116-0-0,5648,ot,33128,no_variant,47d672db-85b8-49f1-94f2-8f9d39305dd9,https://api-media-core.jesusfilm.org/1_jf6116-0-0/variants/5648/videos/ffb477d5-ae8b-426e-8adc-e4f933b27ff6/5648_1_jf6116-0-0.mp4,1_jf6116-0-0---OT---5648---33128---0---0.mp4,ok,,116.288,116.199,116.288,1.001,
1_jf6115-0-0,5648,ot,33128,no_variant,193b0526-d038-45eb-8b84-f4b1657ad158,https://api-media-core.jesusfilm.org/1_jf6115-0-0/variants/5648/videos/aa44c71a-f4d7-4efe-9838-cfa88f51be78/5648_1_jf6115-0-0.mp4,1_jf6115-0-0---OT---5648---33128---0---0.mp4,ok,,43.648,43.544,43.648,1.002,
1_jf6114-0-0,5648,ot,33128,no_variant,00a48711-33bc-425a-9851-dbf70ac048a0,https://api-media-core.jesusfilm.org/1_jf6114-0-0/variants/5648/videos/4b201bf4-66b6-49cd-9a83-2fc87c745236/5648_1_jf6114-0-0.mp4,1_jf6114-0-0---OT---5648---33128---0---0.mp4,ok,,176.853,176.760,176.853,1.001,
1_jf6113-0-0,5648,ot,33128,no_variant,048ff0f5-1278-4701-abbe-a81a12dcc7e5,https://api-media-core.jesusfilm.org/1_jf6113-0-0/variants/5648/videos/5e72a70d-ed06-4f7f-96d4-fa5c54538ada/5648_1_jf6113-0-0.mp4,1_jf6113-0-0---OT---5648---33128---0---0.mp4,ok,,19.157,19.061,19.157,1.005,
1_jf6112-0-0,5648,ot,33128,no_variant,77afb5ae-c059-4f29-a585-143553f30544,https://api-media-core.jesusfilm.org/1_jf6112-0-0/variants/5648/videos/a4e30e69-8824-460c-b014-35810b2972aa/5648_1_jf6112-0-0.mp4,1_jf6112-0-0---OT---5648---33128---0---0.mp4,ok,,218.944,218.844,218.944,1.000,
1_jf6111-0-0,5648,ot,33128,no_variant,6a637f38-0dd4-4e4d-b2fc-dbcb5b9f0610,https://api-media-core.jesusfilm.org/1_jf6111-0-0/variants/5648/videos/90875646-d945-498b-ab5a-6d62b3a4a05e/5648_1_jf6111-0-0.mp4,1_jf6111-0-0---OT---5648---33128---0---0.mp4,ok,,62.656,62.563,62.656,1.001,
1_jf6110-0-0,5648,ot,33128,no_variant,38fc1973-78da-48e1-9cbf-089db7360c3f,https://api-media-core.jesusfilm.org/1_jf6110-0-0/variants/5648/videos/ca7c8c12-1be0-403c-8209-afa2d29a18a2/5648_1_jf6110-0-0.mp4,1_jf6110-0-0---OT---5648---33128---0---0.mp4,ok,,190.741,190.649,190.741,1.000,
1_jf6109-0-0,5648,ot,33128,no_variant,9c296c7f-2ef8-4a47-8fef-6f02d03397e9,https://api-media-core.jesusfilm.org/1_jf6109-0-0/variants/5648/videos/08b7d1f5-4538-461d-81d6-2cebc87a5146/5648_1_jf6109-0-0.mp4,1_jf6109-0-0---OT---5648---33128---0---0.mp4,ok,,134.848,134.760,134.848,1.001,
1_jf6108-0-0,5648,ot,33128,no_variant,7282d7b8-f1bf-458a-95bb-a4726eefefaa,https://api-media-core.jesusfilm.org/1_jf6108-0-0/variants/5648/videos/72bce6af-4593-4bb7-8d87-7a22021a7cbf/5648_1_jf6108-0-0.mp4,1_jf6108-0-0---OT---5648---33128---0---0.mp4,ok,,121.472,121.371,121.472,1.001,
1_jf6107-0-0,5648,ot,33128,no_variant,57f240f6-13a9-4117-a36c-cf086abd40ed,https://api-media-core.jesusfilm.org/1_jf6107-0-0/variants/5648/videos/751788e5-766c-4fc4-b384-35b1e656c218/5648_1_jf6107-0-0.mp4,1_jf6107-0-0---OT---5648---33128---0---0.mp4,ok,,62.123,62.020,62.123,1.002,
1_jf6106-0-0,5648,ot,33128,no_variant,03d1b1cc-c6cf-4a4e-95de-22be342c9c05,https://api-media-core.jesusfilm.org/1_jf6106-0-0/variants/5648/videos/ee1812fa-1563-4091-a7aa-3b920c3dc66c/5648_1_jf6106-0-0.mp4,1_jf6106-0-0---OT---5648---33128---0---0.mp4,ok,,187.243,187.145,187.243,1.001,
1_jf6105-0-0,5648,ot,33128,no_variant,e7f78a4b-97ea-4029-ad60-4531d99889af,https://api-media-core.jesusfilm.org/1_jf6105-0-0/variants/5648/videos/692e81c3-4596-436d-b9ce-621b00daee0d/5648_1_jf6105-0-0.mp4,1_jf6105-0-0---OT---5648---33128---0---0.mp4,ok,,142.037,141.933,142.037,1.001,
1_jf6104-0-0,5648,ot,33128,no_variant,dfb22ee7-b5fa-4708-872f-b7209d237cae,https://api-media-core.jesusfilm.org/1_jf6104-0-0/variants/5648/videos/8c7077cf-a8c7-4f34-bac1-fe5d2c4ebff4/5648_1_jf6104-0-0.mp4,1_jf6104-0-0---OT---5648---33128---0---0.mp4,ok,,227.200,227.102,227.200,1.000,
1_jf6103-0-0,5648,ot,33128,no_variant,03d6e798-b26b-45b5-a71e-27078313505c,https://api-media-core.jesusfilm.org/1_jf6103-0-0/variants/5648/videos/81837f49-477a-418b-a28c-5f558a744b6a/5648_1_jf6103-0-0.mp4,1_jf6103-0-0---OT---5648---33128---0---0.mp4,ok,,135.232,135.135,135.232,1.001,
1_jf6102-0-0,5648,ot,33128,no_variant,73d3f408-f4f3-4d22-8c0b-13bc13a893e4,https://api-media-core.jesusfilm.org/1_jf6102-0-0/variants/5648/videos/332913aa-2004-47bc-9e25-ba06b11541ab/5648_1_jf6102-0-0.mp4,1_jf6102-0-0---OT---5648---33128---0---0.mp4,ok,,222.955,222.848,222.955,1.000,
1_jf6101-0-0,5648,ot,33128,no_variant,4b957b6b-cf69-4f3d-8401-354a25ae633e,https://api-media-core.jesusfilm.org/1_jf6101-0-0/variants/5648/videos/1da6a3ed-7a42-4651-abae-d363a9b9eaeb/5648_1_jf6101-0-0.mp4,1_jf6101-0-0---OT---5648---33128---0---0.mp4,ok,,488.085,487.946,488.085,1.000,
1_jf-0-0,5648,ot,33128,no_variant,73892837-587e-4c2b-ab43-e5b1a2d275a4,https://api-media-core.jesusfilm.org/1_jf-0-0/variants/5648/videos/440da8b4-5993-4c64-b16e-5dda5bba34ab/5648_1_jf-0-0.mp4,1_jf-0-0---OT---5648---33128---0---0.mp4,ok,,7673.728,7673.666,7673.728,1.000,