videoId,missingTitleLanguages,missingDescriptionLanguages,studyQ1,studyQ2,studyQ3,studyQ4,studyQ5,studyQ6,studyQ7
1_wl7-0-0,0,0,N/A,N/A,N/A,N/A,N/A,N/A,N/A
2_Broken1Vessel,1,1,19,19,19,N/A,N/A,N/A,N/A
7_0-nfs0503,0,0,19,19,N/A,N/A,N/A,N/A,N/A
2_VirtualMissionaryExt,0,0,19,19,19,N/A,N/A,N/A,N/A
2_0-BMe,0,0,0,0,0,N/A,N/A,N/A,N/A
6_GOMatt2512,0,0,N/A,N/A,N/A,N/A,N/A,N/A,N/A
7_Origins4Connect,1,1,N/A,N/A,N/A,N/A,N/A,N/A,N/A
3_RFD0702-0-0,0,0,0,0,0,N/A,N/A,N/A,N/A
7_Origins8Journey,1,1,N/A,N/A,N/A,N/A,N/A,N/A,N/A
1_fj_3-0-0,0,0,0,0,0,0,N/A,N/A,N/A
2_Acts7361-0-0,0,0,0,0,0,0,N/A,N/A,N/A
GOJohnCollection,19,0,N/A,N/A,N/A,N/A,N/A,N/A,N/A
1_wl72-0-0,0,0,0,0,0,0,N/A,N/A,N/A
7_Origins1Master,1,1,N/A,N/A,N/A,N/A,N/A,N/A,N/A
7_Origins3New,1,1,N/A,N/A,N/A,N/A,N/A,N/A,N/A
2_0-Brand_Video,19,19,N/A,N/A,N/A,N/A,N/A,N/A,N/A
7_0-Easter,1,1,N/A,N/A,N/A,N/A,N/A,N/A,N/A
10_Darkroom11Afterlife,1,1,19,19,19,19,19,N/A,N/A
1_wl604441-0-0,0,0,0,0,N/A,N/A,N/A,N/A,N/A
2_0-Nightwatch,0,0,0,0,0,0,0,N/A,N/A
2_0-PaperHats,0,0,0,0,0,0,0,0,N/A
1_wl604423-0-0,0,0,0,0,0,N/A,N/A,N/A,N/A
6_GOLuke2618,0,0,N/A,N/A,N/A,N/A,N/A,N/A,N/A
6_GOMark1512,0,0,N/A,N/A,N/A,N/A,N/A,N/A,N/A
4_Loss2Forgiveness,0,0,19,19,19,N/A,N/A,N/A,N/A
IsItWorthIt,0,0,N/A,N/A,N/A,N/A,N/A,N/A,N/A
2_0-Theophilus,0,0,0,0,0,0,N/A,N/A,N/A
7_Origins8Journey0103,1,1,19,19,19,N/A,N/A,N/A,N/A
2_PI,5,5,N/A,N/A,N/A,N/A,N/A,N/A,N/A
1_jf6101-0-0,0,0,N/A,N/A,N/A,N/A,N/A,N/A,N/A
2_GOJ4948-0-0,0,0,0,0,0,0,N/A,N/A,N/A
2_0-Leland-Sturgis,0,0,0,0,0,0,N/A,N/A,N/A
11_Sermon0910,1,1,19,19,19,N/A,N/A,N/A,N/A
1_jf6159-0-0,0,0,0,0,0,N/A,N/A,N/A,N/A
4_Loss5Preview9x16,0,0,N/A,N/A,N/A,N/A,N/A,N/A,N/A
2_Acts7318-0-0,0,0,0,0,0,0,0,N/A,N/A
2_0-Good,0,0,0,0,0,0,0,N/A,N/A
2_0-LeaderImpact_19,19,19,19,19,19,N/A,N/A,N/A,N/A
2_GOJ4925-0-0,0,0,0,0,N/A,N/A,N/A,N/A,N/A
9_0-TheSavior5509,0,0,N/A,N/A,N/A,N/A,N/A,N/A,N/A
1_wl604403-0-0,0,0,0,0,N/A,N/A,N/A,N/A,N/A
1_wl604442-0-0,0,0,0,0,N/A,N/A,N/A,N/A,N/A
GoodStory,0,0,N/A,N/A,N/A,N/A,N/A,N/A,N/A
2_Acts7368-0-0,0,0,0,0,0,0,N/A,N/A,N/A
2_Acts7337-0-0,0,0,0,0,0,0,N/A,N/A,N/A
9_0-TheSavior5504,0,0,N/A,N/A,N/A,N/A,N/A,N/A,N/A
1_wl604404-0-0,0,0,0,0,0,N/A,N/A,N/A,N/A
2_PIPerception,5,5,19,19,19,N/A,N/A,N/A,N/A
1_jf6127-0-0,0,0,0,0,N/A,N/A,N/A,N/A,N/A
1_cl1309-0-0,0,0,0,0,0,0,0,0,N/A
JFP-Classic,0,0,N/A,N/A,N/A,N/A,N/A,N/A,N/A
1_wl604405-0-0,0,0,0,0,N/A,N/A,N/A,N/A,N/A
9_0-TheSavior5513,0,0,N/A,N/A,N/A,N/A,N/A,N/A,N/A
1_cl-0-0,0,0,0,0,0,0,0,N/A,N/A
1_wl604411-0-0,0,0,0,0,0,N/A,N/A,N/A,N/A
3_0-40DWJ_07-0-0,0,0,0,0,0,N/A,N/A,N/A,N/A
2_Acts7335-0-0,0,0,0,0,0,0,N/A,N/A,N/A
JFP-Interests,0,0,N/A,N/A,N/A,N/A,N/A,N/A,N/A
2_GOJ4932-0-0,0,0,0,0,0,N/A,N/A,N/A,N/A
1_jf6131-0-0,0,0,0,0,0,N/A,N/A,N/A,N/A
2_Acts7321-0-0,0,0,0,0,0,0,N/A,N/A,N/A
6_GOMark1506,0,0,N/A,N/A,N/A,N/A,N/A,N/A,N/A
1_jf6143-0-0,0,0,0,0,0,N/A,N/A,N/A,N/A
6_HowHaveRelationshipWithGod,0,0,19,19,19,N/A,N/A,N/A,N/A
2_Acts7324-0-0,0,0,0,0,0,0,N/A,N/A,N/A
2_0-Not-Evelyn-Cho,0,0,0,0,0,0,0,N/A,N/A
2_Acts7316-0-0,0,0,0,0,0,0,N/A,N/A,N/A
2_0-Just-An-Outside-Shot,0,0,0,0,0,N/A,N/A,N/A,N/A
2_0-Cabernet,0,0,0,0,0,0,N/A,N/A,N/A
4_PrayerForOlympics,0,0,N/A,N/A,N/A,N/A,N/A,N/A,N/A
1_wl60-0-0,0,0,N/A,N/A,N/A,N/A,N/A,N/A,N/A
2_Acts7329-0-0,0,0,0,0,0,0,N/A,N/A,N/A
6_GOJohn2212,0,0,N/A,N/A,N/A,N/A,N/A,N/A,N/A
6_GOMatt2518,0,0,N/A,N/A,N/A,N/A,N/A,N/A,N/A
6_GOMark1510,0,1,N/A,N/A,N/A,N/A,N/A,N/A,N/A
3_RFD0704-0-0,0,0,0,0,0,N/A,N/A,N/A,N/A
1_jf6107-0-0,0,0,0,0,0,N/A,N/A,N/A,N/A
1_jf6108-0-0,0,0,0,0,0,N/A,N/A,N/A,N/A
2_0-ComingHome,0,0,19,19,19,19,N/A,N/A,N/A
1_jf6103-0-0,0,0,0,0,N/A,N/A,N/A,N/A,N/A
2_PIHoroscope,5,5,19,19,19,N/A,N/A,N/A,N/A
3_0-40DWJ_37-0-0,0,0,0,0,N/A,N/A,N/A,N/A,N/A
3_0-8DWJ-WIJ_03-0-0,0,0,0,0,N/A,N/A,N/A,N/A,N/A
2_FileZero09-0-0,0,0,0,0,0,N/A,N/A,N/A,N/A
1_cl1302-0-0,0,0,0,0,0,0,0,0,N/A
2_GOJ4944-0-0,0,0,0,0,N/A,N/A,N/A,N/A,N/A
3_0-7DWJ-WWJ_06-0-0,0,0,0,0,0,0,N/A,N/A,N/A
4_Injury,0,0,N/A,N/A,N/A,N/A,N/A,N/A,N/A
2_0-Fracture,0,0,0,0,0,0,0,N/A,N/A
2_BoA_BibleStudy-0-0,19,19,19,N/A,N/A,N/A,N/A,N/A,N/A
1_cl1304-0-0,0,0,0,0,0,0,0,0,N/A
AIA-WC,2,2,N/A,N/A,N/A,N/A,N/A,N/A,N/A
9_0-TheSavior5545,0,0,N/A,N/A,N/A,N/A,N/A,N/A,N/A
2_0-Vigilant,0,0,0,0,0,0,N/A,N/A,N/A
3_0-40DWJ,0,0,N/A,N/A,N/A,N/A,N/A,N/A,N/A
4_SelfDoubt3LovedWorthy,0,0,19,19,19,N/A,N/A,N/A,N/A
2_0-UseThisApp05,0,0,N/A,N/A,N/A,N/A,N/A,N/A,N/A
1_riv_06-0-0,0,0,0,0,0,N/A,N/A,N/A,N/A
1_jf6161-0-0,0,0,0,0,0,0,N/A,N/A,N/A
7_0-Easter0303,1,1,19,19,19,19,N/A,N/A,N/A
2_0-WhatisChristianity,0,0,19,19,19,N/A,N/A,N/A,N/A
7_Origins8Journey0303,1,1,19,19,19,N/A,N/A,N/A,N/A
2_0-UseThisApp02,0,0,N/A,N/A,N/A,N/A,N/A,N/A,N/A
1_mld-0-0,0,0,0,0,0,N/A,N/A,N/A,N/A
3_0-40DWJ_12-0-0,0,0,0,0,0,N/A,N/A,N/A,N/A
3_0-7WDJ-Grace_01-0-0,0,0,0,0,0,N/A,N/A,N/A,N/A
9_0-TheSavior5538,0,0,N/A,N/A,N/A,N/A,N/A,N/A,N/A
1_wjv_05-0-0,0,0,0,0,0,N/A,N/A,N/A,N/A
2_0-Dont-Hold-Your-Breath,0,0,0,0,0,N/A,N/A,N/A,N/A
2_FileZero12-0-0,0,0,0,0,0,N/A,N/A,N/A,N/A
MAG1,0,0,N/A,N/A,N/A,N/A,N/A,N/A,N/A
1_jf6157-0-0,0,0,0,0,0,N/A,N/A,N/A,N/A
2_GOJ4917-0-0,0,0,0,0,N/A,N/A,N/A,N/A,N/A
11_Advent0104,1,1,19,19,19,N/A,N/A,N/A,N/A
1_wl-0-0,0,0,N/A,N/A,N/A,N/A,N/A,N/A,N/A
6_GOJohn2222,0,0,N/A,N/A,N/A,N/A,N/A,N/A,N/A
11_Sermon0410,1,1,19,19,19,N/A,N/A,N/A,N/A
3_0-7WDJ-Grace_05-0-0,0,0,0,0,0,0,N/A,N/A,N/A
3_DWJPrayer0909-0-0,0,0,0,0,0,N/A,N/A,N/A,N/A
4_Win1Winning,0,0,19,19,19,N/A,N/A,N/A,N/A
7_0-EasterTrailer,1,1,N/A,N/A,N/A,N/A,N/A,N/A,N/A
3_RFD0701-0-0,0,0,0,0,N/A,N/A,N/A,N/A,N/A
2_GOJ4912-0-0,0,0,0,0,N/A,N/A,N/A,N/A,N/A
6_GOLuke2602,0,0,N/A,N/A,N/A,N/A,N/A,N/A,N/A
7_0-Easter0103,1,1,19,19,19,19,N/A,N/A,N/A
9_0-TheSavior5528,0,0,N/A,N/A,N/A,N/A,N/A,N/A,N/A
7_0-Easter0203,1,1,19,19,19,19,N/A,N/A,N/A
1_jf6104-0-0,0,0,0,0,0,N/A,N/A,N/A,N/A
1_jf6117-0-0,0,0,0,0,0,N/A,N/A,N/A,N/A
1_jf6158-0-0,0,0,0,0,0,N/A,N/A,N/A,N/A
2_PIBirthmark,5,7,19,19,19,N/A,N/A,N/A,N/A
7_KnowGod0404,5,5,19,19,19,N/A,N/A,N/A,N/A
2_FileZero02-0-0,0,0,0,0,0,N/A,N/A,N/A,N/A
9_0-TheSavior5508,0,0,N/A,N/A,N/A,N/A,N/A,N/A,N/A
7_Origins7Belong,1,1,N/A,N/A,N/A,N/A,N/A,N/A,N/A
2_Acts7352-0-0,0,0,0,0,0,0,N/A,N/A,N/A
6_GOJohn2202,0,0,N/A,N/A,N/A,N/A,N/A,N/A,N/A
13_0-RPGospel0404,1,1,19,19,19,N/A,N/A,N/A,N/A
9_0-TheSavior5530,0,0,N/A,N/A,N/A,N/A,N/A,N/A,N/A
2_BoA_BibleStudy1201-0-0,19,19,19,19,N/A,N/A,N/A,N/A,N/A
6_GOMatt2515,0,0,N/A,N/A,N/A,N/A,N/A,N/A,N/A
6_GOLuke2604,0,0,N/A,N/A,N/A,N/A,N/A,N/A,N/A
9_0-TheSavior5535,0,0,N/A,N/A,N/A,N/A,N/A,N/A,N/A
2_ElCamWaySJEN3WalkingStick,1,1,19,19,19,N/A,N/A,N/A,N/A
2_BoA_BibleStudy1203-0-0,19,19,19,19,19,N/A,N/A,N/A,N/A
2_GOJ4919-0-0,0,0,0,0,N/A,N/A,N/A,N/A,N/A
2_GOJ4908-0-0,0,0,0,0,N/A,N/A,N/A,N/A,N/A
11_Shema0406,1,1,19,19,19,N/A,N/A,N/A,N/A
1_jf6112-0-0,0,0,0,0,0,N/A,N/A,N/A,N/A
2_CSF,0,0,0,0,0,0,0,0,N/A
7_0-nur06,0,0,19,19,19,N/A,N/A,N/A,N/A
12_Washi0405,1,1,19,19,19,N/A,N/A,N/A,N/A
7_Origins8Journey0203,1,1,19,19,19,N/A,N/A,N/A,N/A
TestSeriesBug,20,20,N/A,N/A,N/A,N/A,N/A,N/A,N/A
2_0-BibleTrusted,0,0,0,0,0,0,0,N/A,N/A
3_0-40DWJ_31-0-0,0,0,0,0,0,0,N/A,N/A,N/A
1_cl1301-0-0,0,0,0,0,0,0,0,N/A,N/A
7_OriginsTrailer,1,1,N/A,N/A,N/A,N/A,N/A,N/A,N/A
6_GOJohn2216,0,0,N/A,N/A,N/A,N/A,N/A,N/A,N/A
1_wl604407-0-0,0,0,0,0,0,N/A,N/A,N/A,N/A
1_fj_5-0-0,0,0,0,0,0,0,N/A,N/A,N/A
9_0-TheSavior5524,0,0,N/A,N/A,N/A,N/A,N/A,N/A,N/A
9_0-TheSavior5547,0,0,N/A,N/A,N/A,N/A,N/A,N/A,N/A
7_Light0111,1,0,19,19,19,N/A,N/A,N/A,N/A
9_0-TheSavior5546,0,0,N/A,N/A,N/A,N/A,N/A,N/A,N/A
9_0-TheSavior,0,0,N/A,N/A,N/A,N/A,N/A,N/A,N/A
1_jf6116-0-0,0,0,0,0,0,N/A,N/A,N/A,N/A
2_0-EasterExplained,2,2,2,2,2,2,N/A,N/A,N/A
2_0-OneGod,0,0,19,19,19,19,N/A,N/A,N/A
9_0-TheSavior5536,0,0,N/A,N/A,N/A,N/A,N/A,N/A,N/A
2_ElCamWaySJEN4StJames,1,1,19,19,19,N/A,N/A,N/A,N/A
1_wl604430-0-0,0,0,0,0,0,0,N/A,N/A,N/A
2_Acts7315-0-0,0,0,0,0,0,0,N/A,N/A,N/A
2_Acts7349-0-0,0,0,0,0,0,0,N/A,N/A,N/A
2_GOJ4949-0-0,0,0,0,0,0,0,0,0,N/A
6_GOLuke2608,0,0,N/A,N/A,N/A,N/A,N/A,N/A,N/A
3_0-7WDJ-Grace_07-0-0,0,0,0,0,0,0,N/A,N/A,N/A
9_0-TheSavior5517,0,0,N/A,N/A,N/A,N/A,N/A,N/A,N/A
9_0-TheSavior5502,0,0,N/A,N/A,N/A,N/A,N/A,N/A,N/A
9_0-TheSavior5534,0,0,N/A,N/A,N/A,N/A,N/A,N/A,N/A
2_BoA_BibleStudy1202-0-0,19,19,19,19,19,N/A,N/A,N/A,N/A
7_Light0711,1,0,19,19,N/A,N/A,N/A,N/A,N/A
9_0-TheSavior5541,0,0,N/A,N/A,N/A,N/A,N/A,N/A,N/A
1_wjv_04-0-0,0,0,0,0,0,N/A,N/A,N/A,N/A
1_jf6119-0-0,0,0,0,0,0,N/A,N/A,N/A,N/A
ReadBible,6,6,N/A,N/A,N/A,N/A,N/A,N/A,N/A
11_ReadBible1907,5,5,19,19,19,N/A,N/A,N/A,N/A
2_GOJ4910-0-0,0,0,0,0,N/A,N/A,N/A,N/A,N/A
3_RFD0703-0-0,0,0,0,0,N/A,N/A,N/A,N/A,N/A
2_0-Vinyl,0,0,0,0,0,0,0,0,0
9_0-TheSavior5511,0,0,N/A,N/A,N/A,N/A,N/A,N/A,N/A
3_DWJPrayer0902-0-0,0,0,0,0,0,N/A,N/A,N/A,N/A
3_0-40DWJ_10-0-0,0,0,0,0,N/A,N/A,N/A,N/A,N/A
9_0-TheSavior5506,0,0,N/A,N/A,N/A,N/A,N/A,N/A,N/A
2_Acts7331-0-0,0,0,0,0,0,0,0,N/A,N/A
3_RFD-0-0,0,0,N/A,N/A,N/A,N/A,N/A,N/A,N/A
4_Injury5Preview1x1,0,0,N/A,N/A,N/A,N/A,N/A,N/A,N/A
3_0-7DWJ-WWJ_04-0-0,0,0,0,0,0,0,N/A,N/A,N/A
1_riv_02-0-0,0,0,0,0,0,N/A,N/A,N/A,N/A
7_0-nfs0202,0,0,19,19,19,N/A,N/A,N/A,N/A
1_riv_10-0-0,0,0,0,0,0,N/A,N/A,N/A,N/A
2_0-AltroMare,0,0,19,19,19,N/A,N/A,N/A,N/A
2_ThereisHopeSports,1,1,N/A,N/A,N/A,N/A,N/A,N/A,N/A
2_FileZero06-0-0,0,0,0,0,0,N/A,N/A,N/A,N/A
1_jf6123-0-0,0,0,0,0,0,N/A,N/A,N/A,N/A
1_jf6124-0-0,0,0,0,0,0,N/A,N/A,N/A,N/A
11_ReadBible1912,5,5,19,19,19,N/A,N/A,N/A,N/A
Rescue,5,5,N/A,N/A,N/A,N/A,N/A,N/A,N/A
1_jf6114-0-0,0,0,N/A,N/A,N/A,N/A,N/A,N/A,N/A
Christmas2018,19,19,N/A,N/A,N/A,N/A,N/A,N/A,N/A
2_dont_miss_door,5,5,19,19,19,N/A,N/A,N/A,N/A
3_IAm1205-0-0,0,0,0,0,0,0,N/A,N/A,N/A
6_GOMark1507,0,0,N/A,N/A,N/A,N/A,N/A,N/A,N/A
10_Darkroom09Identity,1,1,19,19,19,19,19,N/A,N/A
2_GOJ4943-0-0,0,0,0,0,0,N/A,N/A,N/A,N/A
3_DWJPrayer0905-0-0,0,0,0,0,0,N/A,N/A,N/A,N/A
2_Acts7371-0-0,0,0,0,0,0,0,N/A,N/A,N/A
3_IAm1202-0-0,0,0,0,0,0,N/A,N/A,N/A,N/A
2_GOJ4920-0-0,0,0,0,0,N/A,N/A,N/A,N/A,N/A
12_Washi0305,1,1,19,19,19,N/A,N/A,N/A,N/A
11_Sermon,0,1,N/A,N/A,N/A,N/A,N/A,N/A,N/A
9_0-TheSavior5539,0,0,N/A,N/A,N/A,N/A,N/A,N/A,N/A
7_Origins1Master0103,1,1,19,19,19,N/A,N/A,N/A,N/A
2_0-SupremeChristmas,0,0,19,19,19,N/A,N/A,N/A,N/A
2_Acts7358-0-0,0,0,0,0,0,0,N/A,N/A,N/A
2_FileZero10-0-0,0,0,0,0,0,0,N/A,N/A,N/A
7_Origins4Connect0203,1,1,19,19,19,N/A,N/A,N/A,N/A
2_GOJ4942-0-0,0,0,0,0,0,N/A,N/A,N/A,N/A
7_Light0211,1,0,19,19,19,N/A,N/A,N/A,N/A
4_Injury4FufillChristAD1x1,0,0,N/A,N/A,N/A,N/A,N/A,N/A,N/A
2_Acts7370-0-0,0,0,0,0,0,0,N/A,N/A,N/A
6_GOJohn2208,0,0,N/A,N/A,N/A,N/A,N/A,N/A,N/A
11_ReadBible1903,5,5,N/A,N/A,N/A,N/A,N/A,N/A,N/A
2_0-HappinessPuzzle,0,0,19,19,19,N/A,N/A,N/A,N/A
2_0-Portions,0,0,0,0,0,0,N/A,N/A,N/A
6_GOLuke2609,0,0,N/A,N/A,N/A,N/A,N/A,N/A,N/A
9_0-TheSavior5515,0,0,N/A,N/A,N/A,N/A,N/A,N/A,N/A
9_0-TheSavior5507,0,0,N/A,N/A,N/A,N/A,N/A,N/A,N/A
7_Origins1Master0303,1,1,19,19,19,N/A,N/A,N/A,N/A
7_0-nfs0203,0,0,19,19,19,N/A,N/A,N/A,N/A
13_0-RPGospelIntro,1,1,N/A,N/A,N/A,N/A,N/A,N/A,N/A
2_0-LeaderImpact_12,19,19,19,19,19,N/A,N/A,N/A,N/A
2_GOJ4937-0-0,0,0,0,0,0,N/A,N/A,N/A,N/A
2_BoA_BibleStudy1211-0-0,19,19,19,19,19,19,N/A,N/A,N/A
3_0-40DWJ_11-0-0,0,0,0,0,0,N/A,N/A,N/A,N/A
2_Acts7319-0-0,0,0,0,0,0,0,N/A,N/A,N/A
3_IAm1201-0-0,0,0,0,0,N/A,N/A,N/A,N/A,N/A
3_0-7DWJ-Grace-0-0,0,0,N/A,N/A,N/A,N/A,N/A,N/A,N/A
1_wl604409-0-0,0,0,0,0,0,N/A,N/A,N/A,N/A
2_GOJ4930-0-0,0,0,0,0,0,N/A,N/A,N/A,N/A
2_0-4Laws,0,0,0,0,0,0,0,N/A,N/A
1_jf6138-0-0,0,0,0,0,0,N/A,N/A,N/A,N/A
2_rescue_shepherd_and_door,5,5,19,19,19,N/A,N/A,N/A,N/A
8_NBC06,0,0,19,19,19,19,N/A,N/A,N/A
BibleProject,1,1,N/A,N/A,N/A,N/A,N/A,N/A,N/A
2_FileZero14-0-0,0,0,0,0,N/A,N/A,N/A,N/A,N/A
6_GOLuke2622,0,0,N/A,N/A,N/A,N/A,N/A,N/A,N/A
6_GOMark1501,0,0,N/A,N/A,N/A,N/A,N/A,N/A,N/A
7_0-nur,0,0,N/A,N/A,N/A,N/A,N/A,N/A,N/A
3_0-8DWJ-WIJ_07-0-0,0,0,0,0,N/A,N/A,N/A,N/A,N/A
6_GOMatt2501,0,0,N/A,N/A,N/A,N/A,N/A,N/A,N/A
3_DWJPrayer-0-0,0,0,N/A,N/A,N/A,N/A,N/A,N/A,N/A
6_GOLukeEnglish6045,19,19,N/A,N/A,N/A,N/A,N/A,N/A,N/A
3_0-40DWJ_35-0-0,0,0,0,0,0,N/A,N/A,N/A,N/A
2_FileZero-0-0,0,0,0,0,N/A,N/A,N/A,N/A,N/A
3_0-7DWJ-WWJ,0,0,N/A,N/A,N/A,N/A,N/A,N/A,N/A
2_0-Stunned,0,0,19,19,19,N/A,N/A,N/A,N/A
4_Injury4FufillChristAD9x16,0,0,N/A,N/A,N/A,N/A,N/A,N/A,N/A
4_Injury5Preview,0,0,N/A,N/A,N/A,N/A,N/A,N/A,N/A
3_0-40DWJ_19-0-0,0,0,0,0,0,N/A,N/A,N/A,N/A
2_0-TimeForChange,0,0,19,19,19,N/A,N/A,N/A,N/A
9_0-TheSavior5526,0,0,N/A,N/A,N/A,N/A,N/A,N/A,N/A
7_0-nfs08,0,0,N/A,N/A,N/A,N/A,N/A,N/A,N/A
2_0-Venia,0,0,0,0,0,N/A,N/A,N/A,N/A
9_0-TheSavior5501,0,0,N/A,N/A,N/A,N/A,N/A,N/A,N/A
9_0-TheSavior5532,0,0,N/A,N/A,N/A,N/A,N/A,N/A,N/A
12_Washi0205,1,1,19,19,19,N/A,N/A,N/A,N/A
11_Advent0304,1,1,19,19,19,N/A,N/A,N/A,N/A
6_GOLuke2606,0,1,N/A,N/A,N/A,N/A,N/A,N/A,N/A
2_BrokenAndHealed,1,1,N/A,N/A,N/A,N/A,N/A,N/A,N/A
3_0-7WDJ-Grace_06-0-0,0,0,0,0,0,0,N/A,N/A,N/A
2_Acts7340-0-0,0,0,0,0,0,0,N/A,N/A,N/A
2_GOJ4907-0-0,0,0,0,0,N/A,N/A,N/A,N/A,N/A
3_0-8DWJ-WIJ_01-0-0,0,0,0,0,0,0,N/A,N/A,N/A
9_0-TheProdigal,0,0,19,19,19,19,19,N/A,N/A
6_GOLuke2617,0,0,N/A,N/A,N/A,N/A,N/A,N/A,N/A
6_GOLuke2623,0,0,N/A,N/A,N/A,N/A,N/A,N/A,N/A
2_ElCamWaySJENTrailer,1,1,N/A,N/A,N/A,N/A,N/A,N/A,N/A
4_Loss1Loss,0,0,19,19,19,N/A,N/A,N/A,N/A
2_0-LeaderImpact_06,19,19,2,2,2,N/A,N/A,N/A,N/A
3_0-8DWJ-WIJ_02-0-0,0,0,0,0,0,N/A,N/A,N/A,N/A
4_Win4GoodNewsJesus,0,0,19,19,19,N/A,N/A,N/A,N/A
7_Origins4Connect0103,1,1,19,19,19,N/A,N/A,N/A,N/A
2_Acts7354-0-0,0,0,0,0,0,0,N/A,N/A,N/A
7_0-nfs02,0,0,N/A,N/A,N/A,N/A,N/A,N/A,N/A
2_0-ConsideringChristmas,0,0,19,19,19,N/A,N/A,N/A,N/A
7_Origins3New0203,1,1,19,19,19,N/A,N/A,N/A,N/A
3_0-40DWJ_06-0-0,0,0,0,0,0,N/A,N/A,N/A,N/A
1_jf6125-0-0,0,0,0,0,0,N/A,N/A,N/A,N/A
6_GOLuke2610,0,1,N/A,N/A,N/A,N/A,N/A,N/A,N/A
10_Darkroom02Church,1,1,19,19,19,19,19,N/A,N/A
6_GOMark1515,0,0,N/A,N/A,N/A,N/A,N/A,N/A,N/A
6_GOJohn2209,0,0,N/A,N/A,N/A,N/A,N/A,N/A,N/A
6_GOJohn2215,0,0,N/A,N/A,N/A,N/A,N/A,N/A,N/A
2_FileZero05-0-0,0,0,0,0,0,N/A,N/A,N/A,N/A
2_FileZero13-0-0,0,0,0,0,0,N/A,N/A,N/A,N/A
2_Acts7373-0-0,0,0,0,0,0,0,0,N/A,N/A
2_0-InfiniteAbyss,0,0,0,0,0,0,N/A,N/A,N/A
6_GOMatt2514,0,0,N/A,N/A,N/A,N/A,N/A,N/A,N/A
3_0-40DWJ_14-0-0,0,0,0,0,0,N/A,N/A,N/A,N/A
6_GOLuke2611,0,0,N/A,N/A,N/A,N/A,N/A,N/A,N/A
2_GOJ4945-0-0,0,0,0,0,0,0,0,N/A,N/A
2_Acts7357-0-0,0,0,0,0,0,0,N/A,N/A,N/A
2_BoA_BibleStudy1207-0-0,19,19,19,19,19,N/A,N/A,N/A,N/A
1_0-TrainV_2Find,2,3,N/A,N/A,N/A,N/A,N/A,N/A,N/A
1_wl604416-0-0,0,0,0,0,0,N/A,N/A,N/A,N/A
2_0-HarshVibe,0,0,19,19,19,N/A,N/A,N/A,N/A
6_GOMattEnglish5104,19,19,N/A,N/A,N/A,N/A,N/A,N/A,N/A
11_ReadBible1902,5,5,19,19,19,N/A,N/A,N/A,N/A
WYDCollection,0,0,N/A,N/A,N/A,N/A,N/A,N/A,N/A
2_0-3TorchLightPurpose,0,0,19,19,19,N/A,N/A,N/A,N/A
3_0-6DWJ-MAP_02-0-0,0,0,0,0,0,0,N/A,N/A,N/A
7_Origins5Story,1,1,N/A,N/A,N/A,N/A,N/A,N/A,N/A
2_Acts7327-0-0,0,0,0,0,0,0,0,0,N/A
2_0-Happiness,0,0,0,0,0,0,N/A,N/A,N/A
3_0-6DWJ-MAP_05-0-0,0,0,0,0,N/A,N/A,N/A,N/A,N/A
1_wl604406-0-0,0,0,0,0,0,N/A,N/A,N/A,N/A
3_0-40DWJ_20-0-0,0,0,0,0,0,N/A,N/A,N/A,N/A
2_Broken4JimmyStory,1,1,19,19,19,N/A,N/A,N/A,N/A
2_GOJ4922-0-0,0,0,0,0,0,N/A,N/A,N/A,N/A
2_BoA_BibleStudy1210-0-0,19,19,19,19,N/A,N/A,N/A,N/A,N/A
3_0-40DWJ_23-0-0,0,0,0,0,0,N/A,N/A,N/A,N/A
3_0-40DWJ_25-0-0,0,0,0,0,0,N/A,N/A,N/A,N/A
9_CreationtoChrist0707,5,5,N/A,N/A,N/A,N/A,N/A,N/A,N/A
1_jf6130-0-0,0,0,0,0,0,N/A,N/A,N/A,N/A
2_harsh_vibe_explanation,5,5,19,19,19,N/A,N/A,N/A,N/A
9_CreationtoChrist0704,5,5,N/A,N/A,N/A,N/A,N/A,N/A,N/A
6_GOJohn2218,0,0,N/A,N/A,N/A,N/A,N/A,N/A,N/A
11_ReadBible1910,5,5,19,19,19,N/A,N/A,N/A,N/A
7_Origins3New0303,1,1,19,19,19,N/A,N/A,N/A,N/A
3_0-7DWJ-WWJ_05-0-0,0,0,0,0,0,N/A,N/A,N/A,N/A
3_0-40DWJ_09-0-0,0,0,0,0,0,N/A,N/A,N/A,N/A
6_GOMatt2523,0,0,N/A,N/A,N/A,N/A,N/A,N/A,N/A
2_FileZero01-0-0,0,0,0,0,0,N/A,N/A,N/A,N/A
3_IAm-0-0,0,0,N/A,N/A,N/A,N/A,N/A,N/A,N/A
1_jf6160-0-0,0,0,0,0,N/A,N/A,N/A,N/A,N/A
3_0-40DWJ_17-0-0,0,0,0,0,0,0,N/A,N/A,N/A
2_GOJ4923-0-0,0,0,0,0,0,N/A,N/A,N/A,N/A
1_wl77-0-0,0,0,0,0,0,N/A,N/A,N/A,N/A
6_GOLuke2603,0,0,N/A,N/A,N/A,N/A,N/A,N/A,N/A
2_0-LeaderImpact_03,19,19,19,19,19,N/A,N/A,N/A,N/A
2_GOJ4918-0-0,0,0,0,0,N/A,N/A,N/A,N/A,N/A
9_0-TheSavior5537,0,0,N/A,N/A,N/A,N/A,N/A,N/A,N/A
10_Darkroom00Trailer2min,1,1,N/A,N/A,N/A,N/A,N/A,N/A,N/A
2_0-GodsRescuePlan,0,0,0,0,0,0,0,0,N/A
10_Darkroom07Bible,1,1,19,19,19,19,19,N/A,N/A
10_Darkroom13Supernatural,1,1,19,19,19,19,19,N/A,N/A
HalloweenCollection,0,0,N/A,N/A,N/A,N/A,N/A,N/A,N/A
7_0-nfs09,0,0,19,19,19,N/A,N/A,N/A,N/A
2_GOJ4903-0-0,0,0,0,0,N/A,N/A,N/A,N/A,N/A
2_SweetTooth,0,0,19,19,19,N/A,N/A,N/A,N/A
13_0-RPGospel0401,1,1,19,19,19,N/A,N/A,N/A,N/A
2_FileZero03-0-0,0,0,0,0,0,N/A,N/A,N/A,N/A
1_wl604413-0-0,0,0,0,0,0,N/A,N/A,N/A,N/A
1_wl604424-0-0,0,0,0,0,0,0,N/A,N/A,N/A
1_riv_07-0-0,0,0,0,0,0,N/A,N/A,N/A,N/A
1_jf6106-0-0,0,0,0,0,0,N/A,N/A,N/A,N/A
1_jf6109-0-0,0,0,0,0,0,0,N/A,N/A,N/A
7_KnowGod0401,5,5,19,19,19,N/A,N/A,N/A,N/A
7_KnowGod0403,5,5,19,19,19,N/A,N/A,N/A,N/A
1_jf6132-0-0,0,0,0,0,0,N/A,N/A,N/A,N/A
6_GOMark1504,0,0,N/A,N/A,N/A,N/A,N/A,N/A,N/A
GOMarkCollection,19,0,N/A,N/A,N/A,N/A,N/A,N/A,N/A
2_StoryBehindSweetTooth,0,0,19,19,19,N/A,N/A,N/A,N/A
3_0-6DWJ-MAP,0,0,N/A,N/A,N/A,N/A,N/A,N/A,N/A
2_0-Brothers,0,0,0,0,0,0,N/A,N/A,N/A
1_riv_09-0-0,0,0,0,0,0,N/A,N/A,N/A,N/A
1_jf6129-0-0,0,0,0,0,N/A,N/A,N/A,N/A,N/A
2_0-MostlyTea,0,0,19,19,19,N/A,N/A,N/A,N/A
1_wl604410-0-0,0,0,0,N/A,N/A,N/A,N/A,N/A,N/A
PicketFence,0,0,19,19,19,19,N/A,N/A,N/A
3_0-40DWJ_03-0-0,0,0,0,0,0,N/A,N/A,N/A,N/A
3_DWJPrayer0906-0-0,0,0,0,0,0,0,N/A,N/A,N/A
2_0-LeaderImpact_09,19,19,19,19,19,N/A,N/A,N/A,N/A
2_0-LeaderImpact_16,19,19,19,19,19,N/A,N/A,N/A,N/A
2_GOJ4936-0-0,0,0,0,0,0,N/A,N/A,N/A,N/A
2_0-Crushing,0,0,19,19,19,N/A,N/A,N/A,N/A
1_jf6133-0-0,0,0,0,0,0,N/A,N/A,N/A,N/A
7_KnowGod0402,5,5,19,19,19,N/A,N/A,N/A,N/A
1_jf6115-0-0,0,0,0,0,N/A,N/A,N/A,N/A,N/A
8_NBC03,0,0,19,19,19,19,N/A,N/A,N/A
2_GOJ4911-0-0,0,0,0,0,N/A,N/A,N/A,N/A,N/A
4_Win5Preview9x16,0,0,N/A,N/A,N/A,N/A,N/A,N/A,N/A
1_wl75-0-0,0,0,0,0,0,N/A,N/A,N/A,N/A
3_0-40DWJ_29-0-0,0,0,0,0,0,N/A,N/A,N/A,N/A
2_Acts7323-0-0,0,0,0,0,0,0,N/A,N/A,N/A
2_0-IsBibleReliable,0,0,19,19,19,N/A,N/A,N/A,N/A
7_0-nfs0403,0,0,19,19,19,N/A,N/A,N/A,N/A
2_WhyMadeAltroMare,0,0,19,19,19,N/A,N/A,N/A,N/A
9_0-TheSavior5523,0,0,N/A,N/A,N/A,N/A,N/A,N/A,N/A
7_0-nfs0803,0,0,19,19,N/A,N/A,N/A,N/A,N/A
2_Acts7350-0-0,0,0,0,0,0,0,N/A,N/A,N/A
3_0-8DWJ-WIJ_05-0-0,0,0,0,0,N/A,N/A,N/A,N/A,N/A
4_Injury3AudienceOfOne,0,0,19,19,19,N/A,N/A,N/A,N/A
2_0-StoryBehindPicketFence,0,0,19,19,19,N/A,N/A,N/A,N/A
6_GOJohn2206,0,1,N/A,N/A,N/A,N/A,N/A,N/A,N/A
1_riv_08-0-0,0,0,0,0,0,N/A,N/A,N/A,N/A
6_GOLuke2626,0,0,N/A,N/A,N/A,N/A,N/A,N/A,N/A
3_0-40DWJ_02-0-0,0,0,0,0,0,N/A,N/A,N/A,N/A
2_GOJ4909-0-0,0,0,0,0,N/A,N/A,N/A,N/A,N/A
6_GOLuke2613,0,1,N/A,N/A,N/A,N/A,N/A,N/A,N/A
7_0-nfs01,0,0,N/A,N/A,N/A,N/A,N/A,N/A,N/A
3_0-40DWJ_26-0-0,0,0,0,0,0,N/A,N/A,N/A,N/A
6_GOMatt2522,0,0,N/A,N/A,N/A,N/A,N/A,N/A,N/A
4_Win5Preview1x1,0,0,N/A,N/A,N/A,N/A,N/A,N/A,N/A
2_0-LeaderImpact_05,19,19,19,19,19,N/A,N/A,N/A,N/A
2_0-LeaderImpact_15,19,19,19,19,19,N/A,N/A,N/A,N/A
GOLukeCollection,19,19,N/A,N/A,N/A,N/A,N/A,N/A,N/A
6_GOMatt2502,0,0,N/A,N/A,N/A,N/A,N/A,N/A,N/A
1_wl76-0-0,0,0,0,0,N/A,N/A,N/A,N/A,N/A
Wonder,0,0,N/A,N/A,N/A,N/A,N/A,N/A,N/A
2_Acts7322-0-0,0,0,0,0,0,0,N/A,N/A,N/A
6_GOMatt2506,0,0,N/A,N/A,N/A,N/A,N/A,N/A,N/A
6_GOLuke2620,0,1,N/A,N/A,N/A,N/A,N/A,N/A,N/A
6_GOMatt2505,0,0,N/A,N/A,N/A,N/A,N/A,N/A,N/A
2_GOJ4938-0-0,0,0,0,0,0,N/A,N/A,N/A,N/A
7_0-nur04,0,0,19,19,19,N/A,N/A,N/A,N/A
7_Light0411,1,0,19,19,19,N/A,N/A,N/A,N/A
2_WhoIsMessiah,0,0,19,19,19,N/A,N/A,N/A,N/A
7_Light0911,1,0,19,19,N/A,N/A,N/A,N/A,N/A
11_Sermon0510,1,1,19,19,19,N/A,N/A,N/A,N/A
1_wl604415-0-0,0,0,0,0,0,N/A,N/A,N/A,N/A
12_Washi0105,1,1,19,19,19,N/A,N/A,N/A,N/A
4_Injury1Injury,0,0,19,19,19,N/A,N/A,N/A,N/A
3_0-40DWJ_30-0-0,0,0,0,0,0,N/A,N/A,N/A,N/A
3_IAm1204-0-0,0,0,0,0,0,N/A,N/A,N/A,N/A
3_0-40DWJ_08-0-0,0,0,0,0,0,N/A,N/A,N/A,N/A
7_0-nfs0603,0,0,19,19,N/A,N/A,N/A,N/A,N/A
3_IAm1209-0-0,0,0,0,0,0,0,N/A,N/A,N/A
9_0-TheSavior5551,0,0,N/A,N/A,N/A,N/A,N/A,N/A,N/A
2_Acts7328-0-0,0,0,0,0,0,0,0,N/A,N/A
11_Sermon1010,1,1,19,19,19,N/A,N/A,N/A,N/A
4_AIAWC-ThePrize_RVR-0-0,2,3,N/A,N/A,N/A,N/A,N/A,N/A,N/A
9_0-TheSavior5520,0,0,N/A,N/A,N/A,N/A,N/A,N/A,N/A
1_wjv_01-0-0,0,0,0,0,0,N/A,N/A,N/A,N/A
2_Acts7359-0-0,0,0,0,0,0,0,N/A,N/A,N/A
10_Darkroom04Science,1,1,19,19,19,19,19,N/A,N/A
2_ElCamWaySJEN5Pain,1,1,19,19,19,N/A,N/A,N/A,N/A
1_jf6146-0-0,0,0,0,0,0,N/A,N/A,N/A,N/A
6_GOMark1505,0,0,N/A,N/A,N/A,N/A,N/A,N/A,N/A
6_GOLuke2605,0,0,N/A,N/A,N/A,N/A,N/A,N/A,N/A
1_fj_4-0-0,0,0,0,0,0,N/A,N/A,N/A,N/A
1_wjv_03-0-0,0,0,0,0,0,N/A,N/A,N/A,N/A
2_0-BornToPlay,0,0,19,19,19,N/A,N/A,N/A,N/A
2_GOJ4924-0-0,0,0,0,0,0,N/A,N/A,N/A,N/A
2_Acts7306-0-0,0,0,0,0,0,0,0,N/A,N/A
2_ElCamWaySJEN6Weight,1,1,19,19,19,N/A,N/A,N/A,N/A
2_ElCamWaySJEN8Invitation,1,1,19,19,19,N/A,N/A,N/A,N/A
6_GOMark1513,0,0,N/A,N/A,N/A,N/A,N/A,N/A,N/A
7_0-nfs0303,0,0,19,19,N/A,N/A,N/A,N/A,N/A
2_0-LeaderImpact_18,19,19,19,19,19,N/A,N/A,N/A,N/A
11_Sermon0610,1,1,19,19,19,N/A,N/A,N/A,N/A
2_0-TruePurposeLife,0,0,N/A,N/A,N/A,N/A,N/A,N/A,N/A
1_jf6111-0-0,0,0,0,0,0,N/A,N/A,N/A,N/A
1_jf6141-0-0,0,0,0,0,0,N/A,N/A,N/A,N/A
1_jf6145-0-0,0,0,0,0,0,0,N/A,N/A,N/A
1_jf6147-0-0,0,0,0,0,0,N/A,N/A,N/A,N/A
13_0-RPGospel0402,1,1,19,19,19,N/A,N/A,N/A,N/A
13_0-RPGospel0403,1,1,19,19,19,N/A,N/A,N/A,N/A
11_Sermon0310,1,1,19,19,19,N/A,N/A,N/A,N/A
3_0-6DWJ-MAP_06-0-0,0,0,0,0,0,N/A,N/A,N/A,N/A
2_GOJ4928-0-0,0,0,0,0,N/A,N/A,N/A,N/A,N/A
2_Acts7308-0-0,0,0,0,0,0,0,0,N/A,N/A
6_GOLuke2607,0,0,N/A,N/A,N/A,N/A,N/A,N/A,N/A
10_Darkroom10Justice,1,1,19,19,19,19,N/A,N/A,N/A
2_Acts7365-0-0,0,0,0,0,0,0,N/A,N/A,N/A
9_0-TheSavior5533,0,0,N/A,N/A,N/A,N/A,N/A,N/A,N/A
2_0-Jatku-Leiba,0,0,0,0,0,0,N/A,N/A,N/A
1_wjv-0-0,0,0,N/A,N/A,N/A,N/A,N/A,N/A,N/A
2_Acts7325-0-0,0,0,0,0,0,0,N/A,N/A,N/A
3_0-7DWJ-WWJ_07-0-0,0,0,0,0,0,0,N/A,N/A,N/A
2_GOJ4905-0-0,0,0,0,0,N/A,N/A,N/A,N/A,N/A
2_JessicaStory,0,0,19,19,19,N/A,N/A,N/A,N/A
3_RFD0705-0-0,0,0,0,0,0,N/A,N/A,N/A,N/A
1_wl604432-0-0,0,0,0,0,N/A,N/A,N/A,N/A,N/A
2_ThereIsHopeAsia,0,0,19,19,19,19,N/A,N/A,N/A
6_GOMatt2508,0,0,N/A,N/A,N/A,N/A,N/A,N/A,N/A
2_FileZero07-0-0,0,0,0,0,0,N/A,N/A,N/A,N/A
11_Shema0206,1,1,19,19,19,N/A,N/A,N/A,N/A
10_Darkroom03Sin,1,1,19,19,19,19,19,19,N/A
6_GOMatt2510,0,1,N/A,N/A,N/A,N/A,N/A,N/A,N/A
7_Light0311,1,0,19,19,19,N/A,N/A,N/A,N/A
2_ElCamWaySJEN2Parched,1,1,19,19,19,N/A,N/A,N/A,N/A
2_0-Marea,0,0,0,0,0,N/A,N/A,N/A,N/A
2_0-The_Story,0,0,0,0,0,0,N/A,N/A,N/A
8_NBC08,0,0,19,19,19,19,N/A,N/A,N/A
1_wl604418-0-0,0,0,0,0,0,N/A,N/A,N/A,N/A
JFP-Interests-Sports,0,0,N/A,N/A,N/A,N/A,N/A,N/A,N/A
11_Shema0106,1,1,19,19,19,N/A,N/A,N/A,N/A
2_FileZero08-0-0,0,0,0,0,0,N/A,N/A,N/A,N/A
2_Acts7339-0-0,0,0,0,0,0,0,0,N/A,N/A
6_GOLuke2614,0,0,N/A,N/A,N/A,N/A,N/A,N/A,N/A
2_FileZero11-0-0,0,0,0,0,0,N/A,N/A,N/A,N/A
6_GOLuke2615,0,0,N/A,N/A,N/A,N/A,N/A,N/A,N/A
11_Shema0606,1,1,19,19,19,N/A,N/A,N/A,N/A
0_JesusVisionLumo,0,0,N/A,N/A,N/A,N/A,N/A,N/A,N/A
1_cl1306-0-0,0,0,0,0,0,0,0,N/A,N/A
2_BoA_BibleStudy1205-0-0,19,19,19,19,19,N/A,N/A,N/A,N/A
7_Light0811,1,0,19,19,N/A,N/A,N/A,N/A,N/A
8_NBC02,0,0,19,19,19,N/A,N/A,N/A,N/A
8_NBC09,0,0,19,19,19,19,N/A,N/A,N/A
8_NBC01,0,0,19,19,19,19,N/A,N/A,N/A
Perfect,0,0,19,19,19,N/A,N/A,N/A,N/A
6_GOMattEnglish5150,19,19,N/A,N/A,N/A,N/A,N/A,N/A,N/A
4_Win3GodPath,0,0,19,19,19,N/A,N/A,N/A,N/A
2_0-JesusBackFromDead,0,0,19,19,19,N/A,N/A,N/A,N/A
6_GOLuke2601,0,1,N/A,N/A,N/A,N/A,N/A,N/A,N/A
2_0-RealityVR,1,1,19,19,19,N/A,N/A,N/A,N/A
6_GOMatt2516,0,0,N/A,N/A,N/A,N/A,N/A,N/A,N/A
6_GOJohn2221,0,0,N/A,N/A,N/A,N/A,N/A,N/A,N/A
11_Advent,1,1,N/A,N/A,N/A,N/A,N/A,N/A,N/A
1_wl604420-0-0,0,0,0,0,0,N/A,N/A,N/A,N/A
6_GOMark1502,0,0,N/A,N/A,N/A,N/A,N/A,N/A,N/A
Nua,0,0,N/A,N/A,N/A,N/A,N/A,N/A,N/A
DT1,2,2,N/A,N/A,N/A,N/A,N/A,N/A,N/A
2_GOJ4931-0-0,0,0,0,0,0,N/A,N/A,N/A,N/A
LOJS,0,0,N/A,N/A,N/A,N/A,N/A,N/A,N/A
2_0-Medley,0,0,19,19,19,N/A,N/A,N/A,N/A
1_0-TrainV_5Ministry,2,3,N/A,N/A,N/A,N/A,N/A,N/A,N/A
2_0-Jangled,0,0,0,0,0,N/A,N/A,N/A,N/A
1_0-TrainV_1Install,2,3,N/A,N/A,N/A,N/A,N/A,N/A,N/A
1_0-TrainV_3Share,2,3,N/A,N/A,N/A,N/A,N/A,N/A,N/A
1_0-TrainV_4Download,2,3,N/A,N/A,N/A,N/A,N/A,N/A,N/A
1_wl604408-0-0,0,0,0,0,0,N/A,N/A,N/A,N/A
8_NBC05,0,0,19,19,19,19,N/A,N/A,N/A
EASTER1,19,19,N/A,N/A,N/A,N/A,N/A,N/A,N/A
3_0-6DWJ-MAP_04-0-0,0,0,0,0,0,0,0,N/A,N/A
1_wjv_02-0-0,0,0,0,0,0,N/A,N/A,N/A,N/A
3_0-40DWJ_39-0-0,0,0,0,0,N/A,N/A,N/A,N/A,N/A
2_0-Invisible,0,0,0,0,0,0,0,N/A,N/A
2_0-Blue,0,0,19,19,19,N/A,N/A,N/A,N/A
1_wl604438-0-0,0,0,0,0,0,N/A,N/A,N/A,N/A
11_ReadBible1905,5,5,19,19,19,N/A,N/A,N/A,N/A
2_GOJ4935-0-0,0,0,0,0,0,N/A,N/A,N/A,N/A
1_wl604422-0-0,0,0,0,0,0,N/A,N/A,N/A,N/A
HopeCollection,0,0,N/A,N/A,N/A,N/A,N/A,N/A,N/A
1_cl1305-0-0,0,0,0,0,0,0,0,0,N/A
GOMattCollection,19,0,N/A,N/A,N/A,N/A,N/A,N/A,N/A
1_wl604419-0-0,0,0,0,0,0,N/A,N/A,N/A,N/A
1_riv_03-0-0,0,0,0,0,0,N/A,N/A,N/A,N/A
1_jf6120-0-0,0,0,0,0,N/A,N/A,N/A,N/A,N/A
0_JesusVisionJFP,0,0,N/A,N/A,N/A,N/A,N/A,N/A,N/A
2_0-Yol,0,0,0,0,0,N/A,N/A,N/A,N/A
10_Darkroom12Mission,1,1,19,19,19,19,N/A,N/A,N/A
1_riv_05-0-0,0,0,0,0,0,N/A,N/A,N/A,N/A
1_wl604414-0-0,0,0,0,0,0,N/A,N/A,N/A,N/A
9_0-TheSavior5516,0,0,N/A,N/A,N/A,N/A,N/A,N/A,N/A
2_0-Dying-Roads,0,0,0,0,0,0,0,N/A,N/A
11_ReadBible1909,5,5,19,19,19,N/A,N/A,N/A,N/A
1_jf6105-0-0,0,0,0,0,0,N/A,N/A,N/A,N/A
0_mike_0,19,20,N/A,N/A,N/A,N/A,N/A,N/A,N/A
11_ReadBible1915,5,5,19,19,19,N/A,N/A,N/A,N/A
11_ReadBible1916,5,5,19,19,19,N/A,N/A,N/A,N/A
tanner_test,20,20,N/A,N/A,N/A,N/A,N/A,N/A,N/A
11_ReadBible1908,5,5,19,19,19,N/A,N/A,N/A,N/A
3_0-8DWJ-WIJ_06-0-0,0,0,0,0,N/A,N/A,N/A,N/A,N/A
9_0-TheSavior5521,0,0,N/A,N/A,N/A,N/A,N/A,N/A,N/A
1_riv_12-0-0,0,0,0,0,0,N/A,N/A,N/A,N/A
2_Acts7309-0-0,0,0,0,0,0,0,0,N/A,N/A
2_0-Puzzler,0,0,19,19,19,N/A,N/A,N/A,N/A
3_IAm1206-0-0,0,0,0,0,0,0,N/A,N/A,N/A
6_GOMatt2517,0,0,N/A,N/A,N/A,N/A,N/A,N/A,N/A
2_OscarStory,0,0,19,19,19,N/A,N/A,N/A,N/A
1_wl604435-0-0,0,0,0,N/A,N/A,N/A,N/A,N/A,N/A
1_riv-0-0,0,0,N/A,N/A,N/A,N/A,N/A,N/A,N/A
11_ReadBible1911,5,5,19,19,19,N/A,N/A,N/A,N/A
1_jf6154-0-0,0,0,0,0,0,N/A,N/A,N/A,N/A
1_jf6142-0-0,0,0,0,0,0,N/A,N/A,N/A,N/A
1_jf6148-0-0,0,0,0,0,0,N/A,N/A,N/A,N/A
2_0-Doll-Face,0,0,0,0,0,0,N/A,N/A,N/A
4_Win4GoodNewsJesusAD1x1,0,0,N/A,N/A,N/A,N/A,N/A,N/A,N/A
2_0-Pennyhouse,0,0,0,0,0,0,0,N/A,N/A
2_0-PerfectAlternate,0,0,0,0,0,N/A,N/A,N/A,N/A
2_0-UltimateSacrifice,0,0,19,19,19,N/A,N/A,N/A,N/A
6_GOLuke2624,0,0,N/A,N/A,N/A,N/A,N/A,N/A,N/A
2_0-LeaderImpact,19,19,N/A,N/A,N/A,N/A,N/A,N/A,N/A
3_0-8DWJ-WIJ,0,0,N/A,N/A,N/A,N/A,N/A,N/A,N/A
7_0-nfs07,0,0,N/A,N/A,N/A,N/A,N/A,N/A,N/A
2_Acts7334-0-0,0,0,0,0,0,0,N/A,N/A,N/A
2_0-ADream,0,0,19,19,19,19,N/A,N/A,N/A
9_0-TheSavior5542,0,0,N/A,N/A,N/A,N/A,N/A,N/A,N/A
7_0-ncs02,0,0,19,19,19,N/A,N/A,N/A,N/A
3_0-40DWJ_32-0-0,0,0,0,0,0,N/A,N/A,N/A,N/A
7_0-nfs0401,0,0,19,19,19,N/A,N/A,N/A,N/A
1_mld11-0-0,0,0,N/A,N/A,N/A,N/A,N/A,N/A,N/A
7_Origins3New0103,1,1,19,19,19,N/A,N/A,N/A,N/A
2_Acts7344-0-0,0,0,0,0,0,0,N/A,N/A,N/A
2_Acts7320-0-0,0,0,0,0,0,0,N/A,N/A,N/A
2_Acts7346-0-0,0,0,0,0,0,0,N/A,N/A,N/A
9_0-TheSavior5527,0,0,N/A,N/A,N/A,N/A,N/A,N/A,N/A
9_0-TheSavior5531,0,0,N/A,N/A,N/A,N/A,N/A,N/A,N/A
6_GOLuke2612,0,0,N/A,N/A,N/A,N/A,N/A,N/A,N/A
2_0-YoureNotHopeless,0,0,0,0,0,0,N/A,N/A,N/A
2_Acts7341-0-0,0,0,0,0,0,0,N/A,N/A,N/A
7_0-ncs,0,0,N/A,N/A,N/A,N/A,N/A,N/A,N/A
4_Loss4HopeInJesusAD1x1,0,0,N/A,N/A,N/A,N/A,N/A,N/A,N/A
2_0-UseThisApp03,0,0,N/A,N/A,N/A,N/A,N/A,N/A,N/A
2_0-Coffee-Shop,0,0,0,0,0,N/A,N/A,N/A,N/A
2_Acts7333-0-0,0,0,0,0,0,0,N/A,N/A,N/A
7_Origins5Story0103,1,1,19,19,19,N/A,N/A,N/A,N/A
6_GOMark1511,0,0,N/A,N/A,N/A,N/A,N/A,N/A,N/A
7_0-nfs0701,0,0,19,19,N/A,N/A,N/A,N/A,N/A
2_0-LeaderImpact_07,19,19,19,19,19,N/A,N/A,N/A,N/A
2_0-Flow,0,0,0,0,0,0,N/A,N/A,N/A
11_Sermon0810,1,1,19,19,19,N/A,N/A,N/A,N/A
2_Acts7301-0-0,0,0,0,0,0,0,N/A,N/A,N/A
4_Win,0,0,N/A,N/A,N/A,N/A,N/A,N/A,N/A
7_0-nur05,0,0,19,19,N/A,N/A,N/A,N/A,N/A
9_0-TheSavior5543,0,0,N/A,N/A,N/A,N/A,N/A,N/A,N/A
1_jf6137-0-0,0,0,0,0,0,N/A,N/A,N/A,N/A
2_Acts7363-0-0,0,0,0,0,0,0,N/A,N/A,N/A
7_0-nur08,0,0,19,19,N/A,N/A,N/A,N/A,N/A
7_Origins2Worth0203,1,1,19,19,19,N/A,N/A,N/A,N/A
7_0-nfs10,0,0,19,19,19,19,19,19,19
9_0-TheSavior5505,0,0,N/A,N/A,N/A,N/A,N/A,N/A,N/A
6_GOJohn2220,0,0,N/A,N/A,N/A,N/A,N/A,N/A,N/A
1_wl604401-0-0,0,0,N/A,N/A,N/A,N/A,N/A,N/A,N/A
4_Win5Preview,0,0,N/A,N/A,N/A,N/A,N/A,N/A,N/A
6_GOMatt2507,0,0,N/A,N/A,N/A,N/A,N/A,N/A,N/A
4_AIAWC-ThePrize_RTF-0-0,2,3,N/A,N/A,N/A,N/A,N/A,N/A,N/A
7_Origins2Worth0103,1,1,19,19,19,N/A,N/A,N/A,N/A
3_IAm1208-0-0,0,0,0,0,0,0,N/A,N/A,N/A
7_0-nfs0201,0,0,19,19,19,N/A,N/A,N/A,N/A
2_Acts7342-0-0,0,0,0,0,0,0,N/A,N/A,N/A
7_0-nfs06,0,0,N/A,N/A,N/A,N/A,N/A,N/A,N/A
9_0-TheSavior5554,0,0,N/A,N/A,N/A,N/A,N/A,N/A,N/A
1_wl604402-0-0,0,0,0,0,N/A,N/A,N/A,N/A,N/A
2_Acts7312-0-0,0,0,0,0,0,0,0,N/A,N/A
2_0-Restored,0,0,19,19,19,N/A,N/A,N/A,N/A
2_0-Rain,0,0,0,0,0,0,N/A,N/A,N/A
3_0-40DWJ_38-0-0,0,0,0,0,0,N/A,N/A,N/A,N/A
2_0-AndreasStory,0,0,0,0,0,N/A,N/A,N/A,N/A
2_Broken2Promise,1,1,19,19,19,N/A,N/A,N/A,N/A
LUMOCollection,0,0,N/A,N/A,N/A,N/A,N/A,N/A,N/A
2_0-JesusReally,0,0,19,19,19,19,N/A,N/A,N/A
6_GOMatt2513,0,0,N/A,N/A,N/A,N/A,N/A,N/A,N/A
6_GOLuke2619,0,0,N/A,N/A,N/A,N/A,N/A,N/A,N/A
2_0-WhereYouBelong,0,0,19,19,19,N/A,N/A,N/A,N/A
6_GOMatt2509,0,0,N/A,N/A,N/A,N/A,N/A,N/A,N/A
JFP-Interests-Family,0,0,N/A,N/A,N/A,N/A,N/A,N/A,N/A
8_NBC,0,0,N/A,N/A,N/A,N/A,N/A,N/A,N/A
7_KnowGod,5,5,N/A,N/A,N/A,N/A,N/A,N/A,N/A
1_wl604437-0-0,0,0,0,0,0,N/A,N/A,N/A,N/A
1_wl71-0-0,0,0,0,0,N/A,N/A,N/A,N/A,N/A
1_wl604433-0-0,0,0,0,0,N/A,N/A,N/A,N/A,N/A
2_0-Demoniac,0,0,0,0,0,0,N/A,N/A,N/A
7_0-nfs0801,0,0,19,19,N/A,N/A,N/A,N/A,N/A
7_Origins5Story0203,1,1,19,19,19,N/A,N/A,N/A,N/A
2_GOJ4901-0-0,0,0,0,0,N/A,N/A,N/A,N/A,N/A
2_GOJ4915-0-0,0,0,0,0,N/A,N/A,N/A,N/A,N/A
2_Acts-0-0,0,0,0,0,N/A,N/A,N/A,N/A,N/A
1_jf6118-0-0,0,0,0,0,0,N/A,N/A,N/A,N/A
12_Washi0505,1,1,19,19,19,N/A,N/A,N/A,N/A
11_Sermon0710,0,1,19,19,19,N/A,N/A,N/A,N/A
1_jf6122-0-0,0,0,0,0,0,N/A,N/A,N/A,N/A
2_0-LeaderImpact_11,19,19,19,19,19,N/A,N/A,N/A,N/A
7_0-nfs0302,0,0,19,19,19,N/A,N/A,N/A,N/A
2_Acts7336-0-0,0,0,0,0,0,0,N/A,N/A,N/A
6_GOJohn2207,0,0,N/A,N/A,N/A,N/A,N/A,N/A,N/A
2_GOJ4904-0-0,0,0,0,0,N/A,N/A,N/A,N/A,N/A
9_0-TheSavior5540,0,0,N/A,N/A,N/A,N/A,N/A,N/A,N/A
7_Origins5Story0303,1,1,19,19,19,N/A,N/A,N/A,N/A
2_Acts7307-0-0,0,0,0,0,0,0,N/A,N/A,N/A
2_0-To-Be-Like-You,0,0,0,0,0,0,0,0,N/A
2_Acts7302-0-0,0,0,0,0,0,0,0,N/A,N/A
2_GOJ4906-0-0,0,0,0,0,N/A,N/A,N/A,N/A,N/A
4_Loss4HopeInJesus,0,0,19,19,19,N/A,N/A,N/A,N/A
7_Origins6Guide,1,1,N/A,N/A,N/A,N/A,N/A,N/A,N/A
4_SelfDoubt1SelfDoubt,0,0,19,19,19,N/A,N/A,N/A,N/A
7_Origins6Guide0103,1,1,19,19,19,N/A,N/A,N/A,N/A
7_0-nfs03,0,0,N/A,N/A,N/A,N/A,N/A,N/A,N/A
7_Light0511,1,0,19,19,N/A,N/A,N/A,N/A,N/A
2_BunnyHacked,0,0,19,19,19,N/A,N/A,N/A,N/A
1_riv_01-0-0,0,0,0,0,0,N/A,N/A,N/A,N/A
6_GOJohn2214,0,0,N/A,N/A,N/A,N/A,N/A,N/A,N/A
10_Darkroom00TrailerFull,1,1,N/A,N/A,N/A,N/A,N/A,N/A,N/A
7_Origins2Worth0303,1,1,19,19,19,N/A,N/A,N/A,N/A
11_ReadBible1906,5,5,19,19,19,19,N/A,N/A,N/A
1_jf6150-0-0,0,0,0,0,N/A,N/A,N/A,N/A,N/A
2_0-SongOfReeds,0,0,19,19,19,N/A,N/A,N/A,N/A
6_GOJohn2213,0,0,N/A,N/A,N/A,N/A,N/A,N/A,N/A
7_Light1011,1,0,19,19,N/A,N/A,N/A,N/A,N/A
4_Loss4HopeInJesusAD9x16,0,0,N/A,N/A,N/A,N/A,N/A,N/A,N/A
3_IAm1207-0-0,0,0,0,0,0,0,N/A,N/A,N/A
13_0-RPGospel,1,1,19,19,19,N/A,N/A,N/A,N/A
10_Darkroom08Purpose,1,1,19,19,19,19,N/A,N/A,N/A
3_0-40DWJ_05-0-0,0,0,0,0,0,N/A,N/A,N/A,N/A
2_0-LeaderImpact_08,19,19,19,19,19,N/A,N/A,N/A,N/A
11_Advent0204,1,1,19,19,19,N/A,N/A,N/A,N/A
2_0-LeaderImpact_20,19,19,19,19,19,N/A,N/A,N/A,N/A
7_Light0611,1,0,19,19,19,N/A,N/A,N/A,N/A
9_0-TheSavior5549,0,0,N/A,N/A,N/A,N/A,N/A,N/A,N/A
4_Loss,0,0,N/A,N/A,N/A,N/A,N/A,N/A,N/A
2_ElCamWaySJEN1Arrow,1,1,19,19,19,N/A,N/A,N/A,N/A
7_0-nfs0702,0,0,19,19,N/A,N/A,N/A,N/A,N/A
6_GOLuke2621,0,0,N/A,N/A,N/A,N/A,N/A,N/A,N/A
1_cl1308-0-0,0,0,0,0,0,0,0,0,N/A
2_Acts7304-0-0,0,0,0,0,0,0,0,N/A,N/A
3_0-7WDJ-Grace_02-0-0,0,0,0,0,0,N/A,N/A,N/A,N/A
6_GOJohn2211,0,0,N/A,N/A,N/A,N/A,N/A,N/A,N/A
2_GOJ4927-0-0,0,0,0,0,0,N/A,N/A,N/A,N/A
7_0-nur10,0,0,19,19,19,N/A,N/A,N/A,N/A
10_Darkroom00Trailer60sec,1,1,N/A,N/A,N/A,N/A,N/A,N/A,N/A
10_Darkroom01Doubt,1,1,19,19,19,19,N/A,N/A,N/A
3_0-40DWJ_36-0-0,0,0,0,0,N/A,N/A,N/A,N/A,N/A
3_0-8DWJ-WIJ_08-0-0,0,0,0,0,0,N/A,N/A,N/A,N/A
7_0-nur01,0,0,19,N/A,N/A,N/A,N/A,N/A,N/A
3_IAm1203-0-0,0,0,0,0,0,N/A,N/A,N/A,N/A
7_0-nfs0501,0,0,19,19,N/A,N/A,N/A,N/A,N/A
4_DealingWithSelfDoubt,0,0,N/A,N/A,N/A,N/A,N/A,N/A,N/A
6_GOJohn2201,0,0,N/A,N/A,N/A,N/A,N/A,N/A,N/A
1_riv_11-0-0,0,0,0,0,0,N/A,N/A,N/A,N/A
2_0-LeaderImpact_04,19,19,19,19,19,N/A,N/A,N/A,N/A
1_wl74-0-0,0,0,0,0,0,N/A,N/A,N/A,N/A
2_ElCamWaySJEN,1,1,N/A,N/A,N/A,N/A,N/A,N/A,N/A
3_0-40DWJ_16-0-0,0,0,0,0,0,N/A,N/A,N/A,N/A
6_GOMatt2519,0,0,N/A,N/A,N/A,N/A,N/A,N/A,N/A
2_Acts7310-0-0,0,0,0,0,0,0,0,N/A,N/A
9_0-TheSavior5514,0,0,N/A,N/A,N/A,N/A,N/A,N/A,N/A
9_0-TheSavior5518,0,0,N/A,N/A,N/A,N/A,N/A,N/A,N/A
7_0-nur02,0,0,19,19,19,N/A,N/A,N/A,N/A
3_0-40DWJ_24-0-0,0,0,0,0,0,N/A,N/A,N/A,N/A
3_DWJPrayer0903-0-0,0,0,0,0,0,N/A,N/A,N/A,N/A
7_0-nfs0601,0,0,19,19,N/A,N/A,N/A,N/A,N/A
2_Acts7362-0-0,0,0,0,0,0,0,N/A,N/A,N/A
6_GOJohn2203,0,0,N/A,N/A,N/A,N/A,N/A,N/A,N/A
3_DWJPrayer0904-0-0,0,0,0,0,0,0,N/A,N/A,N/A
3_0-7DWJ-WWJ_02-0-0,0,0,0,0,0,0,N/A,N/A,N/A
1_fj_1-0-0,0,0,0,0,0,0,N/A,N/A,N/A
6_GOJohn2205,0,0,N/A,N/A,N/A,N/A,N/A,N/A,N/A
3_DWJPrayer0908-0-0,0,0,0,0,0,N/A,N/A,N/A,N/A
2_ElCamWaySJEN7HopePeace,1,1,19,19,19,N/A,N/A,N/A,N/A
3_IAm1210-0-0,0,0,0,0,0,0,N/A,N/A,N/A
2_GOJ4941-0-0,0,0,0,0,N/A,N/A,N/A,N/A,N/A
2_GOJ4939-0-0,0,0,0,0,0,0,N/A,N/A,N/A
2_GOJ4921-0-0,0,0,0,0,0,N/A,N/A,N/A,N/A
2_GOJ4902-0-0,0,0,0,0,N/A,N/A,N/A,N/A,N/A
3_IAm1212-0-0,0,0,0,0,N/A,N/A,N/A,N/A,N/A
2_BoA_BibleStudy1208-0-0,19,19,19,19,19,N/A,N/A,N/A,N/A
3_0-8DWJ-WIJ_04-0-0,0,0,0,0,N/A,N/A,N/A,N/A,N/A
2_FileZero15-0-0,0,0,19,19,N/A,N/A,N/A,N/A,N/A
2_0-Tumlukden,0,0,0,0,0,N/A,N/A,N/A,N/A
2_Acts7355-0-0,0,0,0,0,0,0,N/A,N/A,N/A
12_Washi,1,1,N/A,N/A,N/A,N/A,N/A,N/A,N/A
3_DWJPrayer0901-0-0,0,0,0,0,0,N/A,N/A,N/A,N/A
1_jf6139-0-0,0,0,0,0,0,N/A,N/A,N/A,N/A
2_Acts7303-0-0,0,0,0,0,0,0,0,N/A,N/A
9_0-TheSavior5512,0,0,N/A,N/A,N/A,N/A,N/A,N/A,N/A
4_SelfDoubt2BeneathSurface,0,0,19,19,19,N/A,N/A,N/A,N/A
2_0-LeaderImpact_02,19,19,19,19,19,N/A,N/A,N/A,N/A
2_0-LeaderImpact_10,19,19,19,19,19,N/A,N/A,N/A,N/A
11_Shema0306,1,1,19,19,19,N/A,N/A,N/A,N/A
2_0-LeaderImpact_13,19,19,19,19,19,N/A,N/A,N/A,N/A
2_Acts7347-0-0,0,0,0,0,0,0,N/A,N/A,N/A
1_jf6152-0-0,0,0,0,N/A,N/A,N/A,N/A,N/A,N/A
10_DarkroomFaith,1,1,N/A,N/A,N/A,N/A,N/A,N/A,N/A
2_Acts7332-0-0,0,0,0,0,0,0,0,N/A,N/A
2_Acts7366-0-0,0,0,0,0,0,0,0,N/A,N/A
2_0-UseThisApp04,0,0,N/A,N/A,N/A,N/A,N/A,N/A,N/A
2_0-UseThisApp,0,0,N/A,N/A,N/A,N/A,N/A,N/A,N/A
9_0-TheSavior5544,0,0,N/A,N/A,N/A,N/A,N/A,N/A,N/A
2_Acts7360-0-0,0,0,0,0,0,0,N/A,N/A,N/A
7_Origins7Belong0103,1,1,19,19,19,N/A,N/A,N/A,N/A
9_0-TheSavior5503,0,0,N/A,N/A,N/A,N/A,N/A,N/A,N/A
3_DWJPrayer0907-0-0,0,0,0,0,N/A,N/A,N/A,N/A,N/A
9_0-TheSavior5552,0,0,N/A,N/A,N/A,N/A,N/A,N/A,N/A
3_0-40DWJ_33-0-0,0,0,0,0,0,0,N/A,N/A,N/A
3_IAm1211-0-0,0,0,0,0,0,0,N/A,N/A,N/A
6_GOMatt2503,0,0,N/A,N/A,N/A,N/A,N/A,N/A,N/A
6_GOMatt2525,0,0,N/A,N/A,N/A,N/A,N/A,N/A,N/A
2_BoA_BibleStudy1209-0-0,19,19,19,19,19,N/A,N/A,N/A,N/A
3_0-40DWJ_22-0-0,0,0,0,0,N/A,N/A,N/A,N/A,N/A
2_Acts7367-0-0,0,0,0,0,0,0,N/A,N/A,N/A
2_Acts7314-0-0,0,0,0,0,0,0,0,N/A,N/A
1_jf6140-0-0,0,0,0,0,0,N/A,N/A,N/A,N/A
2_CSF0202,0,0,0,0,0,0,N/A,N/A,N/A
2_0-Perfect,0,0,0,0,0,N/A,N/A,N/A,N/A
9_0-TheSavior5548,0,0,N/A,N/A,N/A,N/A,N/A,N/A,N/A
11_Sermon0110,1,1,19,19,19,N/A,N/A,N/A,N/A
11_Sermon0210,1,1,19,19,19,N/A,N/A,N/A,N/A
3_0-40DWJ_21-0-0,0,0,0,0,0,N/A,N/A,N/A,N/A
4_Win2Threshold,0,0,19,19,19,N/A,N/A,N/A,N/A
4_Win4GoodNewsJesusAD9x16,0,0,N/A,N/A,N/A,N/A,N/A,N/A,N/A
2_0-PicketFence,0,0,19,19,19,19,N/A,N/A,N/A
3_0-7WDJ-Grace_04-0-0,0,0,0,0,0,N/A,N/A,N/A,N/A
2_GOJ4926-0-0,0,0,0,0,N/A,N/A,N/A,N/A,N/A
10_Darkroom06Suffering,1,1,19,19,19,19,19,19,N/A
2_0-Rent-Check,0,0,0,0,0,0,0,0,0
6_GOMatt2521,0,0,N/A,N/A,N/A,N/A,N/A,N/A,N/A
2_0-Conversation,0,0,19,19,19,19,N/A,N/A,N/A
2_0-Waiting-Alchemist,0,0,0,0,0,0,0,N/A,N/A
2_Acts7338-0-0,0,0,0,0,0,0,N/A,N/A,N/A
11_Advent0404,1,1,19,19,19,N/A,N/A,N/A,N/A
7_0-ncs01,0,0,19,19,19,N/A,N/A,N/A,N/A
7_Origins4Connect0303,1,1,19,19,19,N/A,N/A,N/A,N/A
7_0-ncs03,0,0,19,19,19,N/A,N/A,N/A,N/A
7_Light,1,1,N/A,N/A,N/A,N/A,N/A,N/A,N/A
7_Origins2Worth,1,1,N/A,N/A,N/A,N/A,N/A,N/A,N/A
2_0-WhatIsHome,0,0,N/A,N/A,N/A,N/A,N/A,N/A,N/A
7_0-nur03,0,0,19,19,19,N/A,N/A,N/A,N/A
4_Loss3NotAlone,0,0,19,19,19,N/A,N/A,N/A,N/A
2_Acts7326-0-0,0,0,0,0,0,0,0,N/A,N/A
3_RFD0706-0-0,0,0,0,0,N/A,N/A,N/A,N/A,N/A
2_Acts7343-0-0,0,0,0,0,0,0,0,N/A,N/A
2_Acts7311-0-0,0,0,0,0,0,0,0,N/A,N/A
7_0-nur07,0,0,19,19,N/A,N/A,N/A,N/A,N/A
8_NBC10,0,0,19,19,19,19,N/A,N/A,N/A
7_0-nfs0802,0,0,19,19,N/A,N/A,N/A,N/A,N/A
7_0-nfs0602,0,0,19,19,19,N/A,N/A,N/A,N/A
2_0-Braverman-Account,0,0,0,0,0,0,N/A,N/A,N/A
2_0-Tarek,0,0,0,0,0,0,0,N/A,N/A
2_0-ThisIsFreedom,0,0,0,0,0,0,N/A,N/A,N/A
7_Origins6Guide0303,1,1,19,19,19,N/A,N/A,N/A,N/A
2_FileZero04-0-0,0,0,0,0,0,N/A,N/A,N/A,N/A
4_Injury2AskingWhy,0,0,19,19,19,N/A,N/A,N/A,N/A
3_0-7DWJ-WWJ_03-0-0,0,0,0,0,0,N/A,N/A,N/A,N/A
2_GOJ4940-0-0,0,0,0,0,0,N/A,N/A,N/A,N/A
6_GOMatt2504,0,0,N/A,N/A,N/A,N/A,N/A,N/A,N/A
2_Acts7330-0-0,0,0,0,0,0,0,N/A,N/A,N/A
9_0-TheSavior5510,0,0,N/A,N/A,N/A,N/A,N/A,N/A,N/A
4_Loss5Preview1x1,0,0,N/A,N/A,N/A,N/A,N/A,N/A,N/A
6_GOMark1508,0,0,N/A,N/A,N/A,N/A,N/A,N/A,N/A
2_GOJ4929-0-0,0,0,0,0,0,0,N/A,N/A,N/A
2_0-Ctrl-Z,0,0,0,0,0,N/A,N/A,N/A,N/A
3_RFD0707-0-0,0,0,0,0,0,0,N/A,N/A,N/A
4_Loss5Preview,0,0,N/A,N/A,N/A,N/A,N/A,N/A,N/A
2_0-Uninvited,0,0,0,0,0,N/A,N/A,N/A,N/A
7_0-nfs0402,0,0,19,19,19,N/A,N/A,N/A,N/A
2_Acts7353-0-0,0,0,0,0,0,0,N/A,N/A,N/A
9_0-TheSavior5519,0,0,N/A,N/A,N/A,N/A,N/A,N/A,N/A
1_riv_04-0-0,0,0,0,0,0,N/A,N/A,N/A,N/A
11_ReadBible1913,5,5,19,19,19,N/A,N/A,N/A,N/A
8_NBC07,0,0,19,19,19,19,N/A,N/A,N/A
3_0-7WDJ-Grace_03-0-0,0,0,0,0,0,N/A,N/A,N/A,N/A
1_wl604428-0-0,0,0,0,0,N/A,N/A,N/A,N/A,N/A
2_0-La_Busqueda_The_Search,0,1,0,0,0,N/A,N/A,N/A,N/A
2_0-2TorchHavePurpose,0,0,19,19,19,N/A,N/A,N/A,N/A
1_cl13-0-0,0,0,N/A,N/A,N/A,N/A,N/A,N/A,N/A
2_0-DidJesusHaveToDie,0,0,19,19,19,19,N/A,N/A,N/A
1_fj-0-0,0,0,N/A,N/A,N/A,N/A,N/A,N/A,N/A
11_ReadBible1904,5,5,19,19,19,N/A,N/A,N/A,N/A
9_CreationtoChristFull,5,5,N/A,N/A,N/A,N/A,N/A,N/A,N/A
1_cl1310-0-0,0,0,0,0,0,0,0,N/A,N/A
1_wl604440-0-0,0,0,0,0,N/A,N/A,N/A,N/A,N/A
1_wl604412-0-0,0,0,0,0,0,N/A,N/A,N/A,N/A
1_wl604421-0-0,0,0,0,0,0,N/A,N/A,N/A,N/A
1_wl73-0-0,0,0,0,0,0,N/A,N/A,N/A,N/A
11_ReadBible1914,5,5,19,19,19,N/A,N/A,N/A,N/A
7_Origins7Belong0303,1,1,19,19,19,N/A,N/A,N/A,N/A
5_0-NUAChristmas01-0-0,19,19,N/A,N/A,N/A,N/A,N/A,N/A,N/A
2_0-1113,0,0,19,19,19,N/A,N/A,N/A,N/A
2_0-Breathe,0,0,0,0,0,0,0,N/A,N/A
1_wl604431-0-0,0,0,0,0,0,0,N/A,N/A,N/A
1_cl1313-0-0,0,0,0,0,0,0,0,0,N/A
9_CreationtoChrist0706,5,5,N/A,N/A,N/A,N/A,N/A,N/A,N/A
6_0-TheCovenant,0,0,19,19,19,N/A,N/A,N/A,N/A
2_0-1TorchThumbsUp,0,0,19,19,19,N/A,N/A,N/A,N/A
2_0-La-Liberte,0,1,0,0,0,0,N/A,N/A,N/A
1_wl604417-0-0,0,0,0,0,0,N/A,N/A,N/A,N/A
1_wl604429-0-0,0,0,0,0,0,0,N/A,N/A,N/A
1_wl604434-0-0,0,0,0,0,0,N/A,N/A,N/A,N/A
1_cl1312-0-0,0,0,0,0,0,0,0,N/A,N/A
3_0-40DWJ_27-0-0,0,0,0,0,0,N/A,N/A,N/A,N/A
2_0-Delight,0,0,0,0,0,N/A,N/A,N/A,N/A
1_wl604436-0-0,0,0,0,0,0,0,N/A,N/A,N/A
1_wl604439-0-0,0,0,0,0,0,N/A,N/A,N/A,N/A
1_wl604443-0-0,0,0,0,0,N/A,N/A,N/A,N/A,N/A
1_wl604444-0-0,0,0,0,0,N/A,N/A,N/A,N/A,N/A
2_ChosenWitness,0,0,0,0,0,0,N/A,N/A,N/A
2_Acts7305-0-0,0,0,0,0,0,0,0,N/A,N/A
1_jf6155-0-0,0,0,0,0,0,N/A,N/A,N/A,N/A
11_Shema,1,1,N/A,N/A,N/A,N/A,N/A,N/A,N/A
1_cl1311-0-0,0,0,0,0,0,0,0,0,N/A
1_wl604425-0-0,0,0,0,0,0,N/A,N/A,N/A,N/A
1_wl604426-0-0,0,0,0,0,0,N/A,N/A,N/A,N/A
1_cl1307-0-0,0,0,0,0,0,0,0,N/A,N/A
6_GOJohn2204,0,0,N/A,N/A,N/A,N/A,N/A,N/A,N/A
2_GOJ4914-0-0,0,0,0,0,N/A,N/A,N/A,N/A,N/A
JFP-Interests-Discipleship,0,0,N/A,N/A,N/A,N/A,N/A,N/A,N/A
11_ReadBible,19,19,N/A,N/A,N/A,N/A,N/A,N/A,N/A
2_0-Legion,0,0,0,0,0,0,N/A,N/A,N/A
9_CreationtoChrist0705,5,5,N/A,N/A,N/A,N/A,N/A,N/A,N/A
JFM1,2,2,N/A,N/A,N/A,N/A,N/A,N/A,N/A
6_GOLuke2625,0,0,N/A,N/A,N/A,N/A,N/A,N/A,N/A
7_0-nur09,0,0,19,19,N/A,N/A,N/A,N/A,N/A
10_Darkroom00Trailer30sec,1,1,N/A,N/A,N/A,N/A,N/A,N/A,N/A
Anticipate,19,19,N/A,N/A,N/A,N/A,N/A,N/A,N/A
JFP-Interests-Evangelism,0,0,N/A,N/A,N/A,N/A,N/A,N/A,N/A
JF-Language-Stack,19,19,N/A,N/A,N/A,N/A,N/A,N/A,N/A
11_ReadBible1901,5,5,19,19,19,N/A,N/A,N/A,N/A
1_jf-0-0,0,0,0,0,0,0,N/A,N/A,N/A
1_jf6144-0-0,0,0,0,0,0,N/A,N/A,N/A,N/A
JFP-Interests-Student-Resources,0,0,N/A,N/A,N/A,N/A,N/A,N/A,N/A
JFP-Interests-Relationships,0,0,N/A,N/A,N/A,N/A,N/A,N/A,N/A
2_0-In-Time,0,0,0,0,0,0,N/A,N/A,N/A
2_BoA_BibleStudy1212-0-0,19,19,19,N/A,N/A,N/A,N/A,N/A,N/A
9_0-TheSavior5553,0,0,N/A,N/A,N/A,N/A,N/A,N/A,N/A
9_0-TheSavior5522,0,0,N/A,N/A,N/A,N/A,N/A,N/A,N/A
JFP-Interests-Women-Resources,0,0,N/A,N/A,N/A,N/A,N/A,N/A,N/A
1_jf6149-0-0,0,0,0,0,0,N/A,N/A,N/A,N/A
1_jf6102-0-0,0,0,0,0,0,N/A,N/A,N/A,N/A
1_jf6113-0-0,0,0,0,0,N/A,N/A,N/A,N/A,N/A
11_ReadBible1917,5,5,19,19,19,N/A,N/A,N/A,N/A
1_jf6121-0-0,0,0,0,0,0,0,N/A,N/A,N/A
11_ReadBible1918,5,5,19,19,19,N/A,N/A,N/A,N/A
1_jf6126-0-0,0,0,0,0,0,N/A,N/A,N/A,N/A
JFP-Interests-Training,0,0,N/A,N/A,N/A,N/A,N/A,N/A,N/A
11_ReadBible1919,5,5,19,19,19,N/A,N/A,N/A,N/A
CS1,0,0,N/A,N/A,N/A,N/A,N/A,N/A,N/A
LOVE40,19,19,19,19,19,19,19,N/A,N/A
7_0-nfs05,0,0,N/A,N/A,N/A,N/A,N/A,N/A,N/A
2_0-LeaderImpact_17,19,19,19,19,19,N/A,N/A,N/A,N/A
2_0-Noelevator,0,0,19,19,19,N/A,N/A,N/A,N/A
1_jf6110-0-0,0,0,0,0,0,N/A,N/A,N/A,N/A
9_CreationtoChrist0701,5,5,N/A,N/A,N/A,N/A,N/A,N/A,N/A
9_CreationtoChrist0702,5,5,N/A,N/A,N/A,N/A,N/A,N/A,N/A
JFP-Featured,0,0,N/A,N/A,N/A,N/A,N/A,N/A,N/A
6_GOJohn2217,0,0,N/A,N/A,N/A,N/A,N/A,N/A,N/A
3_0-40DWJ_04-0-0,0,0,0,0,0,0,N/A,N/A,N/A
2_BoA_BibleStudy1204-0-0,19,19,19,19,19,19,N/A,N/A,N/A
3_0-7DWJ-WWJ_01-0-0,0,0,0,0,0,0,N/A,N/A,N/A
2_0-UseThisApp01,0,0,N/A,N/A,N/A,N/A,N/A,N/A,N/A
2_Acts7345-0-0,0,0,0,0,0,0,N/A,N/A,N/A
9_CreationtoChrist,5,5,N/A,N/A,N/A,N/A,N/A,N/A,N/A
2_BoA_BibleStudy1206-0-0,19,19,19,19,19,N/A,N/A,N/A,N/A
3_0-40DWJ_18-0-0,0,0,0,0,0,N/A,N/A,N/A,N/A
2_0-LivingWord,0,0,0,0,0,N/A,N/A,N/A,N/A
DWJ1,0,0,N/A,N/A,N/A,N/A,N/A,N/A,N/A
7_0-nfs0102,0,0,19,19,19,N/A,N/A,N/A,N/A
6_GOMatt2524,0,0,N/A,N/A,N/A,N/A,N/A,N/A,N/A
2_GOJ4934-0-0,0,0,0,0,0,N/A,N/A,N/A,N/A
7_0-nfs0103,0,0,19,19,19,N/A,N/A,N/A,N/A
AFathersLove,0,0,N/A,N/A,N/A,N/A,N/A,N/A,N/A
2_Acts7313-0-0,0,0,0,0,0,0,N/A,N/A,N/A
2_0-CanKnowGod,0,0,19,19,19,N/A,N/A,N/A,N/A
7_Origins,1,1,N/A,N/A,N/A,N/A,N/A,N/A,N/A
9_CreationtoChrist0703,5,5,N/A,N/A,N/A,N/A,N/A,N/A,N/A
2_0-LeaderImpact_14,19,19,19,19,19,N/A,N/A,N/A,N/A
2_Augustine,5,5,19,19,19,N/A,N/A,N/A,N/A
3_0-40DWJ_40-0-0,0,0,0,0,0,N/A,N/A,N/A,N/A
2_0-Solitude,0,0,19,19,19,N/A,N/A,N/A,N/A
6_GOLuke2616,0,0,N/A,N/A,N/A,N/A,N/A,N/A,N/A
7_0-nfs04,0,0,N/A,N/A,N/A,N/A,N/A,N/A,N/A
6_GOMatt2511,0,0,N/A,N/A,N/A,N/A,N/A,N/A,N/A
3_0-6DWJ-MAP_01-0-0,0,0,0,0,0,N/A,N/A,N/A,N/A
4_Injury5Preview9x16,0,0,N/A,N/A,N/A,N/A,N/A,N/A,N/A
3_0-40DWJ_34-0-0,0,0,0,0,N/A,N/A,N/A,N/A,N/A
6_GOMatt2520,0,0,N/A,N/A,N/A,N/A,N/A,N/A,N/A
6_GOMark1509,0,0,N/A,N/A,N/A,N/A,N/A,N/A,N/A
7_Origins6Guide0203,1,1,19,19,19,N/A,N/A,N/A,N/A
2_Broken3PickUp,1,1,19,19,N/A,N/A,N/A,N/A,N/A
7_0-nfs0502,0,0,19,19,N/A,N/A,N/A,N/A,N/A
7_0-nfs0703,0,0,19,19,19,N/A,N/A,N/A,N/A
3_0-40DWJ_28-0-0,0,0,0,0,0,N/A,N/A,N/A,N/A
8_NBC04,0,0,19,19,19,19,N/A,N/A,N/A
1_jf6128-0-0,0,0,0,0,N/A,N/A,N/A,N/A,N/A
2_CSF0201,0,0,0,0,0,N/A,N/A,N/A,N/A
3_0-6DWJ-MAP_03-0-0,0,0,0,0,0,N/A,N/A,N/A,N/A
9_0-TheSavior5555,0,0,N/A,N/A,N/A,N/A,N/A,N/A,N/A
2_GOJ4947-0-0,0,0,0,0,0,N/A,N/A,N/A,N/A
3_0-40DWJ_01-0-0,0,0,0,0,0,N/A,N/A,N/A,N/A
1_fj_2-0-0,0,0,0,0,0,N/A,N/A,N/A,N/A
2_GOJ4916-0-0,0,0,0,0,N/A,N/A,N/A,N/A,N/A
2_GOJ-0-0,0,0,N/A,N/A,N/A,N/A,N/A,N/A,N/A
6_GOJohn2219,0,0,N/A,N/A,N/A,N/A,N/A,N/A,N/A
4_AIAWC-ThePrize_Falcao-0-0,2,3,N/A,N/A,N/A,N/A,N/A,N/A,N/A
2_Acts7369-0-0,0,0,0,0,0,0,N/A,N/A,N/A
2_VirtualMissionary,0,0,19,19,19,N/A,N/A,N/A,N/A
1_jf6151-0-0,0,0,0,0,0,0,N/A,N/A,N/A
2_0-1Torch,0,0,19,19,19,N/A,N/A,N/A,N/A
7_Origins7Belong0203,1,1,19,19,19,N/A,N/A,N/A,N/A
1_cl1303-0-0,0,0,0,0,0,0,0,0,N/A
6_GOMark1503,0,0,N/A,N/A,N/A,N/A,N/A,N/A,N/A
2_Acts7356-0-0,0,0,0,0,0,0,N/A,N/A,N/A
2_Acts7317-0-0,0,0,0,0,0,0,0,N/A,N/A
2_GOJ4913-0-0,0,0,0,0,0,N/A,N/A,N/A,N/A
7_0-nfs0301,0,0,19,19,19,N/A,N/A,N/A,N/A
7_Light1111,1,0,19,19,19,N/A,N/A,N/A,N/A
2_Acts7364-0-0,0,0,0,0,0,0,0,N/A,N/A
0_JesusVisionJohn,0,0,N/A,N/A,N/A,N/A,N/A,N/A,N/A
1_jf6136-0-0,0,0,0,0,N/A,N/A,N/A,N/A,N/A
1_jf6134-0-0,0,0,0,0,0,N/A,N/A,N/A,N/A
3_0-40DWJ_13-0-0,0,0,0,0,0,N/A,N/A,N/A,N/A
2_Acts7348-0-0,0,0,0,0,0,0,N/A,N/A,N/A
2_ThereIsHopeMena,0,0,19,19,19,19,N/A,N/A,N/A
2_0-FallingPlates,0,0,0,0,0,0,N/A,N/A,N/A
7_Origins1Master0203,1,1,19,19,19,N/A,N/A,N/A,N/A
10_Darkroom05Religion,1,1,19,19,19,19,19,N/A,N/A
2_WorkerBunny,0,0,19,19,19,N/A,N/A,N/A,N/A
4_Injury4FufillChrist,0,0,19,19,19,N/A,N/A,N/A,N/A
2_Acts7372-0-0,0,0,0,0,0,0,N/A,N/A,N/A
1_jf6135-0-0,0,0,0,0,0,N/A,N/A,N/A,N/A
6_GOJohn2210,0,0,N/A,N/A,N/A,N/A,N/A,N/A,N/A
6_GOMark1514,0,0,N/A,N/A,N/A,N/A,N/A,N/A,N/A
2_Acts7351-0-0,0,0,0,0,0,0,N/A,N/A,N/A
2_GOJ4946-0-0,0,0,0,0,0,0,N/A,N/A,N/A
9_0-TheSavior5529,0,0,N/A,N/A,N/A,N/A,N/A,N/A,N/A
9_0-TheSavior5550,0,0,N/A,N/A,N/A,N/A,N/A,N/A,N/A
7_0-nfs0101,0,0,19,19,19,N/A,N/A,N/A,N/A
11_Shema0506,1,1,19,19,19,N/A,N/A,N/A,N/A
3_0-40DWJ_15-0-0,0,0,0,0,0,N/A,N/A,N/A,N/A
2_FabioStory,0,0,19,19,19,N/A,N/A,N/A,N/A
1_jf6153-0-0,0,0,0,0,N/A,N/A,N/A,N/A,N/A
2_GOJ4933-0-0,0,0,0,0,0,N/A,N/A,N/A,N/A
2_0-LeaderImpact_01,19,19,19,19,19,N/A,N/A,N/A,N/A
9_0-TheSavior5525,0,0,N/A,N/A,N/A,N/A,N/A,N/A,N/A
1_jf6156-0-0,0,0,0,0,0,N/A,N/A,N/A,N/A
1_wl604427-0-0,0,0,0,0,N/A,N/A,N/A,N/A,N/A